{
  "format": "graph-model",
  "generatedBy": "https://github.com/shamangary/SSR-Net",
  "convertedBy": "https://github.com/vladmandic",
  "userDefinedMetadata":
  {
      "signature":
      {
          "inputs": {"input_1:0":{"name":"input_1:0","dtype":"DT_FLOAT","tensorShape":{"dim":[{"size":"-1"},{"size":"64"},{"size":"64"},{"size":"3"}]}}},
          "outputs": {"Identity:0":{"name":"Identity:0","dtype":"DT_FLOAT","tensorShape":{"dim":[{"size":"-1"},{"size":"1"}]}}}
      }
  },
  "modelTopology":
  {
      "node":
      [
          {"name":"StatefulPartitionedCall/functional_1/pred_a/strided_slice/stack","op":"Const","attr":{"dtype":{"type":"DT_INT32"},"value":{"tensor":{"dtype":"DT_INT32","tensorShape":{"dim":[{"size":"2"}]}}}}},
          {"name":"StatefulPartitionedCall/functional_1/pred_a/strided_slice/stack_1","op":"Const","attr":{"value":{"tensor":{"dtype":"DT_INT32","tensorShape":{"dim":[{"size":"2"}]}}},"dtype":{"type":"DT_INT32"}}},
          {"name":"StatefulPartitionedCall/functional_1/pred_a/strided_slice/stack_2","op":"Const","attr":{"dtype":{"type":"DT_INT32"},"value":{"tensor":{"dtype":"DT_INT32","tensorShape":{"dim":[{"size":"2"}]}}}}},
          {"name":"StatefulPartitionedCall/functional_1/pred_a/mul/y","op":"Const","attr":{"dtype":{"type":"DT_FLOAT"},"value":{"tensor":{"dtype":"DT_FLOAT","tensorShape":{}}}}},
          {"name":"StatefulPartitionedCall/functional_1/pred_a/strided_slice_3/stack","op":"Const","attr":{"value":{"tensor":{"dtype":"DT_INT32","tensorShape":{"dim":[{"size":"2"}]}}},"dtype":{"type":"DT_INT32"}}},
          {"name":"StatefulPartitionedCall/functional_1/pred_a/strided_slice_3/stack_1","op":"Const","attr":{"dtype":{"type":"DT_INT32"},"value":{"tensor":{"dtype":"DT_INT32","tensorShape":{"dim":[{"size":"2"}]}}}}},
          {"name":"StatefulPartitionedCall/functional_1/pred_a/strided_slice_3/stack_2","op":"Const","attr":{"dtype":{"type":"DT_INT32"},"value":{"tensor":{"dtype":"DT_INT32","tensorShape":{"dim":[{"size":"2"}]}}}}},
          {"name":"StatefulPartitionedCall/functional_1/pred_a/strided_slice_4/stack","op":"Const","attr":{"dtype":{"type":"DT_INT32"},"value":{"tensor":{"dtype":"DT_INT32","tensorShape":{"dim":[{"size":"2"}]}}}}},
          {"name":"StatefulPartitionedCall/functional_1/pred_a/strided_slice_4/stack_1","op":"Const","attr":{"dtype":{"type":"DT_INT32"},"value":{"tensor":{"dtype":"DT_INT32","tensorShape":{"dim":[{"size":"2"}]}}}}},
          {"name":"StatefulPartitionedCall/functional_1/pred_a/strided_slice_4/stack_2","op":"Const","attr":{"dtype":{"type":"DT_INT32"},"value":{"tensor":{"dtype":"DT_INT32","tensorShape":{"dim":[{"size":"2"}]}}}}},
          {"name":"StatefulPartitionedCall/functional_1/pred_a/add_2/x","op":"Const","attr":{"dtype":{"type":"DT_FLOAT"},"value":{"tensor":{"dtype":"DT_FLOAT","tensorShape":{}}}}},
          {"name":"StatefulPartitionedCall/functional_1/pred_a/strided_slice_5/stack","op":"Const","attr":{"value":{"tensor":{"dtype":"DT_INT32","tensorShape":{"dim":[{"size":"2"}]}}},"dtype":{"type":"DT_INT32"}}},
          {"name":"StatefulPartitionedCall/functional_1/pred_a/strided_slice_5/stack_1","op":"Const","attr":{"value":{"tensor":{"dtype":"DT_INT32","tensorShape":{"dim":[{"size":"2"}]}}},"dtype":{"type":"DT_INT32"}}},
          {"name":"StatefulPartitionedCall/functional_1/pred_a/strided_slice_5/stack_2","op":"Const","attr":{"dtype":{"type":"DT_INT32"},"value":{"tensor":{"dtype":"DT_INT32","tensorShape":{"dim":[{"size":"2"}]}}}}},
          {"name":"StatefulPartitionedCall/functional_1/pred_a/strided_slice_6/stack","op":"Const","attr":{"value":{"tensor":{"dtype":"DT_INT32","tensorShape":{"dim":[{"size":"2"}]}}},"dtype":{"type":"DT_INT32"}}},
          {"name":"StatefulPartitionedCall/functional_1/pred_a/strided_slice_6/stack_1","op":"Const","attr":{"value":{"tensor":{"dtype":"DT_INT32","tensorShape":{"dim":[{"size":"2"}]}}},"dtype":{"type":"DT_INT32"}}},
          {"name":"StatefulPartitionedCall/functional_1/pred_a/strided_slice_6/stack_2","op":"Const","attr":{"value":{"tensor":{"dtype":"DT_INT32","tensorShape":{"dim":[{"size":"2"}]}}},"dtype":{"type":"DT_INT32"}}},
          {"name":"StatefulPartitionedCall/functional_1/pred_a/add_4/x","op":"Const","attr":{"value":{"tensor":{"dtype":"DT_FLOAT","tensorShape":{}}},"dtype":{"type":"DT_FLOAT"}}},
          {"name":"unknown_89","op":"Const","attr":{"value":{"tensor":{"dtype":"DT_FLOAT","tensorShape":{"dim":[{"size":"6"},{"size":"3"}]}}},"dtype":{"type":"DT_FLOAT"}}},
          {"name":"unknown_90","op":"Const","attr":{"dtype":{"type":"DT_FLOAT"},"value":{"tensor":{"dtype":"DT_FLOAT","tensorShape":{"dim":[{"size":"3"}]}}}}},
          {"name":"StatefulPartitionedCall/functional_1/pred_a/strided_slice_7/stack","op":"Const","attr":{"dtype":{"type":"DT_INT32"},"value":{"tensor":{"dtype":"DT_INT32","tensorShape":{"dim":[{"size":"2"}]}}}}},
          {"name":"StatefulPartitionedCall/functional_1/pred_a/strided_slice_7/stack_1","op":"Const","attr":{"dtype":{"type":"DT_INT32"},"value":{"tensor":{"dtype":"DT_INT32","tensorShape":{"dim":[{"size":"2"}]}}}}},
          {"name":"StatefulPartitionedCall/functional_1/pred_a/strided_slice_7/stack_2","op":"Const","attr":{"dtype":{"type":"DT_INT32"},"value":{"tensor":{"dtype":"DT_INT32","tensorShape":{"dim":[{"size":"2"}]}}}}},
          {"name":"StatefulPartitionedCall/functional_1/pred_a/strided_slice_8/stack","op":"Const","attr":{"dtype":{"type":"DT_INT32"},"value":{"tensor":{"dtype":"DT_INT32","tensorShape":{"dim":[{"size":"2"}]}}}}},
          {"name":"StatefulPartitionedCall/functional_1/pred_a/strided_slice_8/stack_1","op":"Const","attr":{"value":{"tensor":{"dtype":"DT_INT32","tensorShape":{"dim":[{"size":"2"}]}}},"dtype":{"type":"DT_INT32"}}},
          {"name":"StatefulPartitionedCall/functional_1/pred_a/strided_slice_8/stack_2","op":"Const","attr":{"dtype":{"type":"DT_INT32"},"value":{"tensor":{"dtype":"DT_INT32","tensorShape":{"dim":[{"size":"2"}]}}}}},
          {"name":"StatefulPartitionedCall/functional_1/pred_a/ExpandDims/dim","op":"Const","attr":{"dtype":{"type":"DT_INT32"},"value":{"tensor":{"dtype":"DT_INT32","tensorShape":{}}}}},
          {"name":"StatefulPartitionedCall/functional_1/pred_a/mul_10/x","op":"Const","attr":{"dtype":{"type":"DT_FLOAT"},"value":{"tensor":{"dtype":"DT_FLOAT","tensorShape":{}}}}},
          {"name":"StatefulPartitionedCall/functional_1/pred_a/add_6/x","op":"Const","attr":{"value":{"tensor":{"dtype":"DT_FLOAT","tensorShape":{}}},"dtype":{"type":"DT_FLOAT"}}},
          {"name":"StatefulPartitionedCall/functional_1/pred_a/strided_slice_1/stack","op":"Const","attr":{"dtype":{"type":"DT_INT32"},"value":{"tensor":{"dtype":"DT_INT32","tensorShape":{"dim":[{"size":"2"}]}}}}},
          {"name":"StatefulPartitionedCall/functional_1/pred_a/strided_slice_1/stack_1","op":"Const","attr":{"value":{"tensor":{"dtype":"DT_INT32","tensorShape":{"dim":[{"size":"2"}]}}},"dtype":{"type":"DT_INT32"}}},
          {"name":"StatefulPartitionedCall/functional_1/pred_a/strided_slice_1/stack_2","op":"Const","attr":{"value":{"tensor":{"dtype":"DT_INT32","tensorShape":{"dim":[{"size":"2"}]}}},"dtype":{"type":"DT_INT32"}}},
          {"name":"StatefulPartitionedCall/functional_1/pred_a/mul_1/y","op":"Const","attr":{"value":{"tensor":{"dtype":"DT_FLOAT","tensorShape":{}}},"dtype":{"type":"DT_FLOAT"}}},
          {"name":"StatefulPartitionedCall/functional_1/pred_a/strided_slice_9/stack","op":"Const","attr":{"value":{"tensor":{"dtype":"DT_INT32","tensorShape":{"dim":[{"size":"2"}]}}},"dtype":{"type":"DT_INT32"}}},
          {"name":"StatefulPartitionedCall/functional_1/pred_a/strided_slice_9/stack_1","op":"Const","attr":{"dtype":{"type":"DT_INT32"},"value":{"tensor":{"dtype":"DT_INT32","tensorShape":{"dim":[{"size":"2"}]}}}}},
          {"name":"StatefulPartitionedCall/functional_1/pred_a/strided_slice_9/stack_2","op":"Const","attr":{"dtype":{"type":"DT_INT32"},"value":{"tensor":{"dtype":"DT_INT32","tensorShape":{"dim":[{"size":"2"}]}}}}},
          {"name":"StatefulPartitionedCall/functional_1/pred_a/strided_slice_10/stack","op":"Const","attr":{"value":{"tensor":{"dtype":"DT_INT32","tensorShape":{"dim":[{"size":"2"}]}}},"dtype":{"type":"DT_INT32"}}},
          {"name":"StatefulPartitionedCall/functional_1/pred_a/strided_slice_10/stack_1","op":"Const","attr":{"value":{"tensor":{"dtype":"DT_INT32","tensorShape":{"dim":[{"size":"2"}]}}},"dtype":{"type":"DT_INT32"}}},
          {"name":"StatefulPartitionedCall/functional_1/pred_a/strided_slice_10/stack_2","op":"Const","attr":{"dtype":{"type":"DT_INT32"},"value":{"tensor":{"dtype":"DT_INT32","tensorShape":{"dim":[{"size":"2"}]}}}}},
          {"name":"StatefulPartitionedCall/functional_1/pred_a/add_9/x","op":"Const","attr":{"value":{"tensor":{"dtype":"DT_FLOAT","tensorShape":{}}},"dtype":{"type":"DT_FLOAT"}}},
          {"name":"StatefulPartitionedCall/functional_1/pred_a/strided_slice_11/stack","op":"Const","attr":{"value":{"tensor":{"dtype":"DT_INT32","tensorShape":{"dim":[{"size":"2"}]}}},"dtype":{"type":"DT_INT32"}}},
          {"name":"StatefulPartitionedCall/functional_1/pred_a/strided_slice_11/stack_1","op":"Const","attr":{"value":{"tensor":{"dtype":"DT_INT32","tensorShape":{"dim":[{"size":"2"}]}}},"dtype":{"type":"DT_INT32"}}},
          {"name":"StatefulPartitionedCall/functional_1/pred_a/strided_slice_11/stack_2","op":"Const","attr":{"dtype":{"type":"DT_INT32"},"value":{"tensor":{"dtype":"DT_INT32","tensorShape":{"dim":[{"size":"2"}]}}}}},
          {"name":"StatefulPartitionedCall/functional_1/pred_a/strided_slice_12/stack","op":"Const","attr":{"dtype":{"type":"DT_INT32"},"value":{"tensor":{"dtype":"DT_INT32","tensorShape":{"dim":[{"size":"2"}]}}}}},
          {"name":"StatefulPartitionedCall/functional_1/pred_a/strided_slice_12/stack_1","op":"Const","attr":{"value":{"tensor":{"dtype":"DT_INT32","tensorShape":{"dim":[{"size":"2"}]}}},"dtype":{"type":"DT_INT32"}}},
          {"name":"StatefulPartitionedCall/functional_1/pred_a/strided_slice_12/stack_2","op":"Const","attr":{"dtype":{"type":"DT_INT32"},"value":{"tensor":{"dtype":"DT_INT32","tensorShape":{"dim":[{"size":"2"}]}}}}},
          {"name":"StatefulPartitionedCall/functional_1/pred_a/add_11/x","op":"Const","attr":{"dtype":{"type":"DT_FLOAT"},"value":{"tensor":{"dtype":"DT_FLOAT","tensorShape":{}}}}},
          {"name":"unknown_91","op":"Const","attr":{"value":{"tensor":{"dtype":"DT_FLOAT","tensorShape":{"dim":[{"size":"6"},{"size":"3"}]}}},"dtype":{"type":"DT_FLOAT"}}},
          {"name":"unknown_92","op":"Const","attr":{"value":{"tensor":{"dtype":"DT_FLOAT","tensorShape":{"dim":[{"size":"3"}]}}},"dtype":{"type":"DT_FLOAT"}}},
          {"name":"StatefulPartitionedCall/functional_1/pred_a/strided_slice_13/stack","op":"Const","attr":{"value":{"tensor":{"dtype":"DT_INT32","tensorShape":{"dim":[{"size":"2"}]}}},"dtype":{"type":"DT_INT32"}}},
          {"name":"StatefulPartitionedCall/functional_1/pred_a/strided_slice_13/stack_1","op":"Const","attr":{"value":{"tensor":{"dtype":"DT_INT32","tensorShape":{"dim":[{"size":"2"}]}}},"dtype":{"type":"DT_INT32"}}},
          {"name":"StatefulPartitionedCall/functional_1/pred_a/strided_slice_13/stack_2","op":"Const","attr":{"dtype":{"type":"DT_INT32"},"value":{"tensor":{"dtype":"DT_INT32","tensorShape":{"dim":[{"size":"2"}]}}}}},
          {"name":"unknown_63","op":"Const","attr":{"value":{"tensor":{"dtype":"DT_FLOAT","tensorShape":{"dim":[{"size":"90"},{"size":"3"}]}}},"dtype":{"type":"DT_FLOAT"}}},
          {"name":"unknown_64","op":"Const","attr":{"dtype":{"type":"DT_FLOAT"},"value":{"tensor":{"dtype":"DT_FLOAT","tensorShape":{"dim":[{"size":"3"}]}}}}},
          {"name":"unknown_65","op":"Const","attr":{"value":{"tensor":{"dtype":"DT_FLOAT","tensorShape":{"dim":[{"size":"90"},{"size":"3"}]}}},"dtype":{"type":"DT_FLOAT"}}},
          {"name":"unknown_66","op":"Const","attr":{"dtype":{"type":"DT_FLOAT"},"value":{"tensor":{"dtype":"DT_FLOAT","tensorShape":{"dim":[{"size":"3"}]}}}}},
          {"name":"unknown_73","op":"Const","attr":{"value":{"tensor":{"dtype":"DT_FLOAT","tensorShape":{"dim":[{"size":"3"},{"size":"6"}]}}},"dtype":{"type":"DT_FLOAT"}}},
          {"name":"unknown_74","op":"Const","attr":{"value":{"tensor":{"dtype":"DT_FLOAT","tensorShape":{"dim":[{"size":"6"}]}}},"dtype":{"type":"DT_FLOAT"}}},
          {"name":"unknown_79","op":"Const","attr":{"value":{"tensor":{"dtype":"DT_FLOAT","tensorShape":{"dim":[{"size":"6"},{"size":"3"}]}}},"dtype":{"type":"DT_FLOAT"}}},
          {"name":"unknown_80","op":"Const","attr":{"dtype":{"type":"DT_FLOAT"},"value":{"tensor":{"dtype":"DT_FLOAT","tensorShape":{"dim":[{"size":"3"}]}}}}},
          {"name":"StatefulPartitionedCall/functional_1/pred_a/strided_slice_14/stack","op":"Const","attr":{"value":{"tensor":{"dtype":"DT_INT32","tensorShape":{"dim":[{"size":"2"}]}}},"dtype":{"type":"DT_INT32"}}},
          {"name":"StatefulPartitionedCall/functional_1/pred_a/strided_slice_14/stack_1","op":"Const","attr":{"value":{"tensor":{"dtype":"DT_INT32","tensorShape":{"dim":[{"size":"2"}]}}},"dtype":{"type":"DT_INT32"}}},
          {"name":"StatefulPartitionedCall/functional_1/pred_a/strided_slice_14/stack_2","op":"Const","attr":{"dtype":{"type":"DT_INT32"},"value":{"tensor":{"dtype":"DT_INT32","tensorShape":{"dim":[{"size":"2"}]}}}}},
          {"name":"StatefulPartitionedCall/functional_1/pred_a/ExpandDims_1/dim","op":"Const","attr":{"dtype":{"type":"DT_INT32"},"value":{"tensor":{"dtype":"DT_INT32","tensorShape":{}}}}},
          {"name":"StatefulPartitionedCall/functional_1/pred_a/mul_18/x","op":"Const","attr":{"dtype":{"type":"DT_FLOAT"},"value":{"tensor":{"dtype":"DT_FLOAT","tensorShape":{}}}}},
          {"name":"StatefulPartitionedCall/functional_1/pred_a/add_13/x","op":"Const","attr":{"value":{"tensor":{"dtype":"DT_FLOAT","tensorShape":{}}},"dtype":{"type":"DT_FLOAT"}}},
          {"name":"StatefulPartitionedCall/functional_1/pred_a/mul_20/x","op":"Const","attr":{"value":{"tensor":{"dtype":"DT_FLOAT","tensorShape":{}}},"dtype":{"type":"DT_FLOAT"}}},
          {"name":"StatefulPartitionedCall/functional_1/pred_a/add_14/x","op":"Const","attr":{"dtype":{"type":"DT_FLOAT"},"value":{"tensor":{"dtype":"DT_FLOAT","tensorShape":{}}}}},
          {"name":"unknown_67","op":"Const","attr":{"value":{"tensor":{"dtype":"DT_FLOAT","tensorShape":{"dim":[{"size":"160"},{"size":"3"}]}}},"dtype":{"type":"DT_FLOAT"}}},
          {"name":"unknown_68","op":"Const","attr":{"dtype":{"type":"DT_FLOAT"},"value":{"tensor":{"dtype":"DT_FLOAT","tensorShape":{"dim":[{"size":"3"}]}}}}},
          {"name":"unknown_69","op":"Const","attr":{"dtype":{"type":"DT_FLOAT"},"value":{"tensor":{"dtype":"DT_FLOAT","tensorShape":{"dim":[{"size":"160"},{"size":"3"}]}}}}},
          {"name":"unknown_70","op":"Const","attr":{"value":{"tensor":{"dtype":"DT_FLOAT","tensorShape":{"dim":[{"size":"3"}]}}},"dtype":{"type":"DT_FLOAT"}}},
          {"name":"unknown_75","op":"Const","attr":{"value":{"tensor":{"dtype":"DT_FLOAT","tensorShape":{"dim":[{"size":"3"},{"size":"6"}]}}},"dtype":{"type":"DT_FLOAT"}}},
          {"name":"unknown_76","op":"Const","attr":{"dtype":{"type":"DT_FLOAT"},"value":{"tensor":{"dtype":"DT_FLOAT","tensorShape":{"dim":[{"size":"6"}]}}}}},
          {"name":"unknown_77","op":"Const","attr":{"dtype":{"type":"DT_FLOAT"},"value":{"tensor":{"dtype":"DT_FLOAT","tensorShape":{"dim":[{"size":"6"},{"size":"3"}]}}}}},
          {"name":"unknown_78","op":"Const","attr":{"value":{"tensor":{"dtype":"DT_FLOAT","tensorShape":{"dim":[{"size":"3"}]}}},"dtype":{"type":"DT_FLOAT"}}},
          {"name":"StatefulPartitionedCall/functional_1/pred_a/strided_slice_2/stack","op":"Const","attr":{"dtype":{"type":"DT_INT32"},"value":{"tensor":{"dtype":"DT_INT32","tensorShape":{"dim":[{"size":"2"}]}}}}},
          {"name":"StatefulPartitionedCall/functional_1/pred_a/strided_slice_2/stack_1","op":"Const","attr":{"value":{"tensor":{"dtype":"DT_INT32","tensorShape":{"dim":[{"size":"2"}]}}},"dtype":{"type":"DT_INT32"}}},
          {"name":"StatefulPartitionedCall/functional_1/pred_a/strided_slice_2/stack_2","op":"Const","attr":{"dtype":{"type":"DT_INT32"},"value":{"tensor":{"dtype":"DT_INT32","tensorShape":{"dim":[{"size":"2"}]}}}}},
          {"name":"StatefulPartitionedCall/functional_1/pred_a/mul_2/y","op":"Const","attr":{"value":{"tensor":{"dtype":"DT_FLOAT","tensorShape":{}}},"dtype":{"type":"DT_FLOAT"}}},
          {"name":"StatefulPartitionedCall/functional_1/pred_a/strided_slice_15/stack","op":"Const","attr":{"dtype":{"type":"DT_INT32"},"value":{"tensor":{"dtype":"DT_INT32","tensorShape":{"dim":[{"size":"2"}]}}}}},
          {"name":"StatefulPartitionedCall/functional_1/pred_a/strided_slice_15/stack_1","op":"Const","attr":{"value":{"tensor":{"dtype":"DT_INT32","tensorShape":{"dim":[{"size":"2"}]}}},"dtype":{"type":"DT_INT32"}}},
          {"name":"StatefulPartitionedCall/functional_1/pred_a/strided_slice_15/stack_2","op":"Const","attr":{"dtype":{"type":"DT_INT32"},"value":{"tensor":{"dtype":"DT_INT32","tensorShape":{"dim":[{"size":"2"}]}}}}},
          {"name":"StatefulPartitionedCall/functional_1/pred_a/strided_slice_16/stack","op":"Const","attr":{"value":{"tensor":{"dtype":"DT_INT32","tensorShape":{"dim":[{"size":"2"}]}}},"dtype":{"type":"DT_INT32"}}},
          {"name":"StatefulPartitionedCall/functional_1/pred_a/strided_slice_16/stack_1","op":"Const","attr":{"dtype":{"type":"DT_INT32"},"value":{"tensor":{"dtype":"DT_INT32","tensorShape":{"dim":[{"size":"2"}]}}}}},
          {"name":"StatefulPartitionedCall/functional_1/pred_a/strided_slice_16/stack_2","op":"Const","attr":{"value":{"tensor":{"dtype":"DT_INT32","tensorShape":{"dim":[{"size":"2"}]}}},"dtype":{"type":"DT_INT32"}}},
          {"name":"StatefulPartitionedCall/functional_1/pred_a/add_17/x","op":"Const","attr":{"value":{"tensor":{"dtype":"DT_FLOAT","tensorShape":{}}},"dtype":{"type":"DT_FLOAT"}}},
          {"name":"StatefulPartitionedCall/functional_1/pred_a/strided_slice_17/stack","op":"Const","attr":{"dtype":{"type":"DT_INT32"},"value":{"tensor":{"dtype":"DT_INT32","tensorShape":{"dim":[{"size":"2"}]}}}}},
          {"name":"StatefulPartitionedCall/functional_1/pred_a/strided_slice_17/stack_1","op":"Const","attr":{"value":{"tensor":{"dtype":"DT_INT32","tensorShape":{"dim":[{"size":"2"}]}}},"dtype":{"type":"DT_INT32"}}},
          {"name":"StatefulPartitionedCall/functional_1/pred_a/strided_slice_17/stack_2","op":"Const","attr":{"dtype":{"type":"DT_INT32"},"value":{"tensor":{"dtype":"DT_INT32","tensorShape":{"dim":[{"size":"2"}]}}}}},
          {"name":"StatefulPartitionedCall/functional_1/pred_a/strided_slice_18/stack","op":"Const","attr":{"value":{"tensor":{"dtype":"DT_INT32","tensorShape":{"dim":[{"size":"2"}]}}},"dtype":{"type":"DT_INT32"}}},
          {"name":"StatefulPartitionedCall/functional_1/pred_a/strided_slice_18/stack_1","op":"Const","attr":{"value":{"tensor":{"dtype":"DT_INT32","tensorShape":{"dim":[{"size":"2"}]}}},"dtype":{"type":"DT_INT32"}}},
          {"name":"StatefulPartitionedCall/functional_1/pred_a/strided_slice_18/stack_2","op":"Const","attr":{"value":{"tensor":{"dtype":"DT_INT32","tensorShape":{"dim":[{"size":"2"}]}}},"dtype":{"type":"DT_INT32"}}},
          {"name":"StatefulPartitionedCall/functional_1/pred_a/add_19/x","op":"Const","attr":{"dtype":{"type":"DT_FLOAT"},"value":{"tensor":{"dtype":"DT_FLOAT","tensorShape":{}}}}},
          {"name":"unknown_93","op":"Const","attr":{"dtype":{"type":"DT_FLOAT"},"value":{"tensor":{"dtype":"DT_FLOAT","tensorShape":{"dim":[{"size":"6"},{"size":"3"}]}}}}},
          {"name":"unknown_94","op":"Const","attr":{"dtype":{"type":"DT_FLOAT"},"value":{"tensor":{"dtype":"DT_FLOAT","tensorShape":{"dim":[{"size":"3"}]}}}}},
          {"name":"StatefulPartitionedCall/functional_1/pred_a/strided_slice_19/stack","op":"Const","attr":{"dtype":{"type":"DT_INT32"},"value":{"tensor":{"dtype":"DT_INT32","tensorShape":{"dim":[{"size":"2"}]}}}}},
          {"name":"StatefulPartitionedCall/functional_1/pred_a/strided_slice_19/stack_1","op":"Const","attr":{"value":{"tensor":{"dtype":"DT_INT32","tensorShape":{"dim":[{"size":"2"}]}}},"dtype":{"type":"DT_INT32"}}},
          {"name":"StatefulPartitionedCall/functional_1/pred_a/strided_slice_19/stack_2","op":"Const","attr":{"dtype":{"type":"DT_INT32"},"value":{"tensor":{"dtype":"DT_INT32","tensorShape":{"dim":[{"size":"2"}]}}}}},
          {"name":"unknown_59","op":"Const","attr":{"value":{"tensor":{"dtype":"DT_FLOAT","tensorShape":{"dim":[{"size":"90"},{"size":"3"}]}}},"dtype":{"type":"DT_FLOAT"}}},
          {"name":"unknown_60","op":"Const","attr":{"dtype":{"type":"DT_FLOAT"},"value":{"tensor":{"dtype":"DT_FLOAT","tensorShape":{"dim":[{"size":"3"}]}}}}},
          {"name":"unknown_61","op":"Const","attr":{"value":{"tensor":{"dtype":"DT_FLOAT","tensorShape":{"dim":[{"size":"90"},{"size":"3"}]}}},"dtype":{"type":"DT_FLOAT"}}},
          {"name":"unknown_62","op":"Const","attr":{"dtype":{"type":"DT_FLOAT"},"value":{"tensor":{"dtype":"DT_FLOAT","tensorShape":{"dim":[{"size":"3"}]}}}}},
          {"name":"unknown_71","op":"Const","attr":{"value":{"tensor":{"dtype":"DT_FLOAT","tensorShape":{"dim":[{"size":"3"},{"size":"6"}]}}},"dtype":{"type":"DT_FLOAT"}}},
          {"name":"unknown_72","op":"Const","attr":{"dtype":{"type":"DT_FLOAT"},"value":{"tensor":{"dtype":"DT_FLOAT","tensorShape":{"dim":[{"size":"6"}]}}}}},
          {"name":"unknown_81","op":"Const","attr":{"dtype":{"type":"DT_FLOAT"},"value":{"tensor":{"dtype":"DT_FLOAT","tensorShape":{"dim":[{"size":"6"},{"size":"3"}]}}}}},
          {"name":"unknown_82","op":"Const","attr":{"value":{"tensor":{"dtype":"DT_FLOAT","tensorShape":{"dim":[{"size":"3"}]}}},"dtype":{"type":"DT_FLOAT"}}},
          {"name":"StatefulPartitionedCall/functional_1/pred_a/strided_slice_20/stack","op":"Const","attr":{"dtype":{"type":"DT_INT32"},"value":{"tensor":{"dtype":"DT_INT32","tensorShape":{"dim":[{"size":"2"}]}}}}},
          {"name":"StatefulPartitionedCall/functional_1/pred_a/strided_slice_20/stack_1","op":"Const","attr":{"value":{"tensor":{"dtype":"DT_INT32","tensorShape":{"dim":[{"size":"2"}]}}},"dtype":{"type":"DT_INT32"}}},
          {"name":"StatefulPartitionedCall/functional_1/pred_a/strided_slice_20/stack_2","op":"Const","attr":{"dtype":{"type":"DT_INT32"},"value":{"tensor":{"dtype":"DT_INT32","tensorShape":{"dim":[{"size":"2"}]}}}}},
          {"name":"StatefulPartitionedCall/functional_1/pred_a/ExpandDims_2/dim","op":"Const","attr":{"dtype":{"type":"DT_INT32"},"value":{"tensor":{"dtype":"DT_INT32","tensorShape":{}}}}},
          {"name":"StatefulPartitionedCall/functional_1/pred_a/mul_28/x","op":"Const","attr":{"value":{"tensor":{"dtype":"DT_FLOAT","tensorShape":{}}},"dtype":{"type":"DT_FLOAT"}}},
          {"name":"StatefulPartitionedCall/functional_1/pred_a/add_21/x","op":"Const","attr":{"dtype":{"type":"DT_FLOAT"},"value":{"tensor":{"dtype":"DT_FLOAT","tensorShape":{}}}}},
          {"name":"unknown_57","op":"Const","attr":{"value":{"tensor":{"dtype":"DT_FLOAT","tensorShape":{"dim":[{"size":"1"},{"size":"1"},{"size":"16"},{"size":"10"}]}}},"dtype":{"type":"DT_FLOAT"}}},
          {"name":"unknown_58","op":"Const","attr":{"dtype":{"type":"DT_FLOAT"},"value":{"tensor":{"dtype":"DT_FLOAT","tensorShape":{"dim":[{"size":"10"}]}}}}},
          {"name":"StatefulPartitionedCall/functional_1/flatten/Const","op":"Const","attr":{"value":{"tensor":{"dtype":"DT_INT32","tensorShape":{"dim":[{"size":"2"}]}}},"dtype":{"type":"DT_INT32"}}},
          {"name":"unknown_55","op":"Const","attr":{"dtype":{"type":"DT_FLOAT"},"value":{"tensor":{"dtype":"DT_FLOAT","tensorShape":{"dim":[{"size":"1"},{"size":"1"},{"size":"32"},{"size":"10"}]}}}}},
          {"name":"unknown_56","op":"Const","attr":{"dtype":{"type":"DT_FLOAT"},"value":{"tensor":{"dtype":"DT_FLOAT","tensorShape":{"dim":[{"size":"10"}]}}}}},
          {"name":"StatefulPartitionedCall/functional_1/flatten_1/Const","op":"Const","attr":{"dtype":{"type":"DT_INT32"},"value":{"tensor":{"dtype":"DT_INT32","tensorShape":{"dim":[{"size":"2"}]}}}}},
          {"name":"unknown_83","op":"Const","attr":{"value":{"tensor":{"dtype":"DT_FLOAT","tensorShape":{"dim":[{"size":"160"},{"size":"1"}]}}},"dtype":{"type":"DT_FLOAT"}}},
          {"name":"unknown_84","op":"Const","attr":{"dtype":{"type":"DT_FLOAT"},"value":{"tensor":{"dtype":"DT_FLOAT","tensorShape":{"dim":[{"size":"1"}]}}}}},
          {"name":"StatefulPartitionedCall/functional_1/pred_a/mul_30/x","op":"Const","attr":{"dtype":{"type":"DT_FLOAT"},"value":{"tensor":{"dtype":"DT_FLOAT","tensorShape":{}}}}},
          {"name":"StatefulPartitionedCall/functional_1/pred_a/add_22/x","op":"Const","attr":{"value":{"tensor":{"dtype":"DT_FLOAT","tensorShape":{}}},"dtype":{"type":"DT_FLOAT"}}},
          {"name":"unknown_53","op":"Const","attr":{"value":{"tensor":{"dtype":"DT_FLOAT","tensorShape":{"dim":[{"size":"1"},{"size":"1"},{"size":"16"},{"size":"10"}]}}},"dtype":{"type":"DT_FLOAT"}}},
          {"name":"unknown_54","op":"Const","attr":{"value":{"tensor":{"dtype":"DT_FLOAT","tensorShape":{"dim":[{"size":"10"}]}}},"dtype":{"type":"DT_FLOAT"}}},
          {"name":"StatefulPartitionedCall/functional_1/flatten_2/Const","op":"Const","attr":{"value":{"tensor":{"dtype":"DT_INT32","tensorShape":{"dim":[{"size":"2"}]}}},"dtype":{"type":"DT_INT32"}}},
          {"name":"unknown_51","op":"Const","attr":{"dtype":{"type":"DT_FLOAT"},"value":{"tensor":{"dtype":"DT_FLOAT","tensorShape":{"dim":[{"size":"1"},{"size":"1"},{"size":"32"},{"size":"10"}]}}}}},
          {"name":"unknown_52","op":"Const","attr":{"value":{"tensor":{"dtype":"DT_FLOAT","tensorShape":{"dim":[{"size":"10"}]}}},"dtype":{"type":"DT_FLOAT"}}},
          {"name":"StatefulPartitionedCall/functional_1/flatten_3/Const","op":"Const","attr":{"dtype":{"type":"DT_INT32"},"value":{"tensor":{"dtype":"DT_INT32","tensorShape":{"dim":[{"size":"2"}]}}}}},
          {"name":"unknown_85","op":"Const","attr":{"dtype":{"type":"DT_FLOAT"},"value":{"tensor":{"dtype":"DT_FLOAT","tensorShape":{"dim":[{"size":"90"},{"size":"1"}]}}}}},
          {"name":"unknown_86","op":"Const","attr":{"dtype":{"type":"DT_FLOAT"},"value":{"tensor":{"dtype":"DT_FLOAT","tensorShape":{"dim":[{"size":"1"}]}}}}},
          {"name":"StatefulPartitionedCall/functional_1/pred_a/mul_32/x","op":"Const","attr":{"dtype":{"type":"DT_FLOAT"},"value":{"tensor":{"dtype":"DT_FLOAT","tensorShape":{}}}}},
          {"name":"StatefulPartitionedCall/functional_1/pred_a/add_23/x","op":"Const","attr":{"value":{"tensor":{"dtype":"DT_FLOAT","tensorShape":{}}},"dtype":{"type":"DT_FLOAT"}}},
          {"name":"unknown_49","op":"Const","attr":{"dtype":{"type":"DT_FLOAT"},"value":{"tensor":{"dtype":"DT_FLOAT","tensorShape":{"dim":[{"size":"1"},{"size":"1"},{"size":"16"},{"size":"10"}]}}}}},
          {"name":"unknown_50","op":"Const","attr":{"dtype":{"type":"DT_FLOAT"},"value":{"tensor":{"dtype":"DT_FLOAT","tensorShape":{"dim":[{"size":"10"}]}}}}},
          {"name":"StatefulPartitionedCall/functional_1/flatten_4/Const","op":"Const","attr":{"dtype":{"type":"DT_INT32"},"value":{"tensor":{"dtype":"DT_INT32","tensorShape":{"dim":[{"size":"2"}]}}}}},
          {"name":"unknown_47","op":"Const","attr":{"value":{"tensor":{"dtype":"DT_FLOAT","tensorShape":{"dim":[{"size":"1"},{"size":"1"},{"size":"32"},{"size":"10"}]}}},"dtype":{"type":"DT_FLOAT"}}},
          {"name":"unknown_48","op":"Const","attr":{"dtype":{"type":"DT_FLOAT"},"value":{"tensor":{"dtype":"DT_FLOAT","tensorShape":{"dim":[{"size":"10"}]}}}}},
          {"name":"StatefulPartitionedCall/functional_1/flatten_5/Const","op":"Const","attr":{"dtype":{"type":"DT_INT32"},"value":{"tensor":{"dtype":"DT_INT32","tensorShape":{"dim":[{"size":"2"}]}}}}},
          {"name":"unknown_87","op":"Const","attr":{"value":{"tensor":{"dtype":"DT_FLOAT","tensorShape":{"dim":[{"size":"90"},{"size":"1"}]}}},"dtype":{"type":"DT_FLOAT"}}},
          {"name":"unknown_88","op":"Const","attr":{"dtype":{"type":"DT_FLOAT"},"value":{"tensor":{"dtype":"DT_FLOAT","tensorShape":{"dim":[{"size":"1"}]}}}}},
          {"name":"StatefulPartitionedCall/functional_1/pred_a/mul_33/y","op":"Const","attr":{"value":{"tensor":{"dtype":"DT_FLOAT","tensorShape":{}}},"dtype":{"type":"DT_FLOAT"}}},
          {"name":"input_1","op":"Placeholder","attr":{"dtype":{"type":"DT_FLOAT"},"shape":{"shape":{"dim":[{"size":"-1"},{"size":"64"},{"size":"64"},{"size":"3"}]}}}},
          {"name":"StatefulPartitionedCall/functional_1/conv2d_4/Conv2D_weights","op":"Const","attr":{"value":{"tensor":{"dtype":"DT_FLOAT","tensorShape":{"dim":[{"size":"3"},{"size":"3"},{"size":"3"},{"size":"16"}]}}},"dtype":{"type":"DT_FLOAT"}}},
          {"name":"StatefulPartitionedCall/functional_1/conv2d_4/Conv2D_bn_offset","op":"Const","attr":{"value":{"tensor":{"dtype":"DT_FLOAT","tensorShape":{"dim":[{"size":"16"}]}}},"dtype":{"type":"DT_FLOAT"}}},
          {"name":"StatefulPartitionedCall/functional_1/conv2d/Conv2D_weights","op":"Const","attr":{"dtype":{"type":"DT_FLOAT"},"value":{"tensor":{"dtype":"DT_FLOAT","tensorShape":{"dim":[{"size":"3"},{"size":"3"},{"size":"3"},{"size":"32"}]}}}}},
          {"name":"StatefulPartitionedCall/functional_1/conv2d/Conv2D_bn_offset","op":"Const","attr":{"value":{"tensor":{"dtype":"DT_FLOAT","tensorShape":{"dim":[{"size":"32"}]}}},"dtype":{"type":"DT_FLOAT"}}},
          {"name":"StatefulPartitionedCall/functional_1/conv2d_5/Conv2D_weights","op":"Const","attr":{"value":{"tensor":{"dtype":"DT_FLOAT","tensorShape":{"dim":[{"size":"3"},{"size":"3"},{"size":"16"},{"size":"16"}]}}},"dtype":{"type":"DT_FLOAT"}}},
          {"name":"StatefulPartitionedCall/functional_1/conv2d_5/Conv2D_bn_offset","op":"Const","attr":{"value":{"tensor":{"dtype":"DT_FLOAT","tensorShape":{"dim":[{"size":"16"}]}}},"dtype":{"type":"DT_FLOAT"}}},
          {"name":"StatefulPartitionedCall/functional_1/conv2d_1/Conv2D_weights","op":"Const","attr":{"value":{"tensor":{"dtype":"DT_FLOAT","tensorShape":{"dim":[{"size":"3"},{"size":"3"},{"size":"32"},{"size":"32"}]}}},"dtype":{"type":"DT_FLOAT"}}},
          {"name":"StatefulPartitionedCall/functional_1/conv2d_1/Conv2D_bn_offset","op":"Const","attr":{"dtype":{"type":"DT_FLOAT"},"value":{"tensor":{"dtype":"DT_FLOAT","tensorShape":{"dim":[{"size":"32"}]}}}}},
          {"name":"StatefulPartitionedCall/functional_1/conv2d_6/Conv2D_weights","op":"Const","attr":{"dtype":{"type":"DT_FLOAT"},"value":{"tensor":{"dtype":"DT_FLOAT","tensorShape":{"dim":[{"size":"3"},{"size":"3"},{"size":"16"},{"size":"16"}]}}}}},
          {"name":"StatefulPartitionedCall/functional_1/conv2d_6/Conv2D_bn_offset","op":"Const","attr":{"dtype":{"type":"DT_FLOAT"},"value":{"tensor":{"dtype":"DT_FLOAT","tensorShape":{"dim":[{"size":"16"}]}}}}},
          {"name":"StatefulPartitionedCall/functional_1/conv2d_2/Conv2D_weights","op":"Const","attr":{"dtype":{"type":"DT_FLOAT"},"value":{"tensor":{"dtype":"DT_FLOAT","tensorShape":{"dim":[{"size":"3"},{"size":"3"},{"size":"32"},{"size":"32"}]}}}}},
          {"name":"StatefulPartitionedCall/functional_1/conv2d_2/Conv2D_bn_offset","op":"Const","attr":{"dtype":{"type":"DT_FLOAT"},"value":{"tensor":{"dtype":"DT_FLOAT","tensorShape":{"dim":[{"size":"32"}]}}}}},
          {"name":"StatefulPartitionedCall/functional_1/conv2d_7/Conv2D_weights","op":"Const","attr":{"dtype":{"type":"DT_FLOAT"},"value":{"tensor":{"dtype":"DT_FLOAT","tensorShape":{"dim":[{"size":"3"},{"size":"3"},{"size":"16"},{"size":"16"}]}}}}},
          {"name":"StatefulPartitionedCall/functional_1/conv2d_7/Conv2D_bn_offset","op":"Const","attr":{"dtype":{"type":"DT_FLOAT"},"value":{"tensor":{"dtype":"DT_FLOAT","tensorShape":{"dim":[{"size":"16"}]}}}}},
          {"name":"StatefulPartitionedCall/functional_1/conv2d_3/Conv2D_weights","op":"Const","attr":{"value":{"tensor":{"dtype":"DT_FLOAT","tensorShape":{"dim":[{"size":"3"},{"size":"3"},{"size":"32"},{"size":"32"}]}}},"dtype":{"type":"DT_FLOAT"}}},
          {"name":"StatefulPartitionedCall/functional_1/conv2d_3/Conv2D_bn_offset","op":"Const","attr":{"dtype":{"type":"DT_FLOAT"},"value":{"tensor":{"dtype":"DT_FLOAT","tensorShape":{"dim":[{"size":"32"}]}}}}},
          {"name":"StatefulPartitionedCall/functional_1/batch_normalization_4/FusedBatchNormV3","op":"_FusedConv2D","input":["input_1","StatefulPartitionedCall/functional_1/conv2d_4/Conv2D_weights","StatefulPartitionedCall/functional_1/conv2d_4/Conv2D_bn_offset"],"device":"/device:CPU:0","attr":{"padding":{"s":"VkFMSUQ="},"explicit_paddings":{"list":{}},"dilations":{"list":{"i":["1","1","1","1"]}},"fused_ops":{"list":{"s":["Qmlhc0FkZA=="]}},"epsilon":{"f":0},"strides":{"list":{"i":["1","1","1","1"]}},"T":{"type":"DT_FLOAT"},"num_args":{"i":"1"},"use_cudnn_on_gpu":{"b":true},"data_format":{"s":"TkhXQw=="}}},
          {"name":"StatefulPartitionedCall/functional_1/activation/Relu","op":"_FusedConv2D","input":["input_1","StatefulPartitionedCall/functional_1/conv2d/Conv2D_weights","StatefulPartitionedCall/functional_1/conv2d/Conv2D_bn_offset"],"device":"/device:CPU:0","attr":{"data_format":{"s":"TkhXQw=="},"explicit_paddings":{"list":{}},"fused_ops":{"list":{"s":["Qmlhc0FkZA==","UmVsdQ=="]}},"num_args":{"i":"1"},"padding":{"s":"VkFMSUQ="},"epsilon":{"f":0},"dilations":{"list":{"i":["1","1","1","1"]}},"strides":{"list":{"i":["1","1","1","1"]}},"T":{"type":"DT_FLOAT"},"use_cudnn_on_gpu":{"b":true}}},
          {"name":"StatefulPartitionedCall/functional_1/max_pooling2d/MaxPool","op":"MaxPool","input":["StatefulPartitionedCall/functional_1/batch_normalization_4/FusedBatchNormV3"],"attr":{"strides":{"list":{"i":["1","2","2","1"]}},"T":{"type":"DT_FLOAT"},"padding":{"s":"VkFMSUQ="},"ksize":{"list":{"i":["1","2","2","1"]}},"data_format":{"s":"TkhXQw=="}}},
          {"name":"StatefulPartitionedCall/functional_1/average_pooling2d/AvgPool","op":"AvgPool","input":["StatefulPartitionedCall/functional_1/activation/Relu"],"attr":{"T":{"type":"DT_FLOAT"},"ksize":{"list":{"i":["1","2","2","1"]}},"data_format":{"s":"TkhXQw=="},"strides":{"list":{"i":["1","2","2","1"]}},"padding":{"s":"VkFMSUQ="}}},
          {"name":"StatefulPartitionedCall/functional_1/activation_4/Tanh","op":"Tanh","input":["StatefulPartitionedCall/functional_1/max_pooling2d/MaxPool"],"attr":{"T":{"type":"DT_FLOAT"}}},
          {"name":"StatefulPartitionedCall/functional_1/conv2d_13/Relu","op":"_FusedConv2D","input":["StatefulPartitionedCall/functional_1/average_pooling2d/AvgPool","unknown_47","unknown_48"],"device":"/device:CPU:0","attr":{"T":{"type":"DT_FLOAT"},"fused_ops":{"list":{"s":["Qmlhc0FkZA==","UmVsdQ=="]}},"dilations":{"list":{"i":["1","1","1","1"]}},"num_args":{"i":"1"},"padding":{"s":"VkFMSUQ="},"epsilon":{"f":0},"strides":{"list":{"i":["1","1","1","1"]}},"explicit_paddings":{"list":{}},"use_cudnn_on_gpu":{"b":true},"data_format":{"s":"TkhXQw=="}}},
          {"name":"StatefulPartitionedCall/functional_1/activation_1/Relu","op":"_FusedConv2D","input":["StatefulPartitionedCall/functional_1/average_pooling2d/AvgPool","StatefulPartitionedCall/functional_1/conv2d_1/Conv2D_weights","StatefulPartitionedCall/functional_1/conv2d_1/Conv2D_bn_offset"],"device":"/device:CPU:0","attr":{"use_cudnn_on_gpu":{"b":true},"fused_ops":{"list":{"s":["Qmlhc0FkZA==","UmVsdQ=="]}},"strides":{"list":{"i":["1","1","1","1"]}},"T":{"type":"DT_FLOAT"},"padding":{"s":"VkFMSUQ="},"explicit_paddings":{"list":{}},"num_args":{"i":"1"},"data_format":{"s":"TkhXQw=="},"dilations":{"list":{"i":["1","1","1","1"]}},"epsilon":{"f":0}}},
          {"name":"StatefulPartitionedCall/functional_1/conv2d_12/Relu","op":"_FusedConv2D","input":["StatefulPartitionedCall/functional_1/activation_4/Tanh","unknown_49","unknown_50"],"device":"/device:CPU:0","attr":{"fused_ops":{"list":{"s":["Qmlhc0FkZA==","UmVsdQ=="]}},"num_args":{"i":"1"},"data_format":{"s":"TkhXQw=="},"padding":{"s":"VkFMSUQ="},"dilations":{"list":{"i":["1","1","1","1"]}},"explicit_paddings":{"list":{}},"strides":{"list":{"i":["1","1","1","1"]}},"epsilon":{"f":0},"T":{"type":"DT_FLOAT"},"use_cudnn_on_gpu":{"b":true}}},
          {"name":"StatefulPartitionedCall/functional_1/batch_normalization_5/FusedBatchNormV3","op":"_FusedConv2D","input":["StatefulPartitionedCall/functional_1/activation_4/Tanh","StatefulPartitionedCall/functional_1/conv2d_5/Conv2D_weights","StatefulPartitionedCall/functional_1/conv2d_5/Conv2D_bn_offset"],"device":"/device:CPU:0","attr":{"T":{"type":"DT_FLOAT"},"padding":{"s":"VkFMSUQ="},"dilations":{"list":{"i":["1","1","1","1"]}},"explicit_paddings":{"list":{}},"fused_ops":{"list":{"s":["Qmlhc0FkZA=="]}},"data_format":{"s":"TkhXQw=="},"num_args":{"i":"1"},"epsilon":{"f":0},"use_cudnn_on_gpu":{"b":true},"strides":{"list":{"i":["1","1","1","1"]}}}},
          {"name":"StatefulPartitionedCall/functional_1/average_pooling2d_4/AvgPool","op":"AvgPool","input":["StatefulPartitionedCall/functional_1/conv2d_13/Relu"],"attr":{"T":{"type":"DT_FLOAT"},"strides":{"list":{"i":["1","8","8","1"]}},"data_format":{"s":"TkhXQw=="},"ksize":{"list":{"i":["1","8","8","1"]}},"padding":{"s":"VkFMSUQ="}}},
          {"name":"StatefulPartitionedCall/functional_1/average_pooling2d_1/AvgPool","op":"AvgPool","input":["StatefulPartitionedCall/functional_1/activation_1/Relu"],"attr":{"data_format":{"s":"TkhXQw=="},"strides":{"list":{"i":["1","2","2","1"]}},"ksize":{"list":{"i":["1","2","2","1"]}},"padding":{"s":"VkFMSUQ="},"T":{"type":"DT_FLOAT"}}},
          {"name":"StatefulPartitionedCall/functional_1/max_pooling2d_4/MaxPool","op":"MaxPool","input":["StatefulPartitionedCall/functional_1/conv2d_12/Relu"],"attr":{"padding":{"s":"VkFMSUQ="},"strides":{"list":{"i":["1","8","8","1"]}},"T":{"type":"DT_FLOAT"},"ksize":{"list":{"i":["1","8","8","1"]}},"data_format":{"s":"TkhXQw=="}}},
          {"name":"StatefulPartitionedCall/functional_1/max_pooling2d_1/MaxPool","op":"MaxPool","input":["StatefulPartitionedCall/functional_1/batch_normalization_5/FusedBatchNormV3"],"attr":{"T":{"type":"DT_FLOAT"},"data_format":{"s":"TkhXQw=="},"padding":{"s":"VkFMSUQ="},"ksize":{"list":{"i":["1","2","2","1"]}},"strides":{"list":{"i":["1","2","2","1"]}}}},
          {"name":"StatefulPartitionedCall/functional_1/flatten_5/Reshape","op":"Reshape","input":["StatefulPartitionedCall/functional_1/average_pooling2d_4/AvgPool","StatefulPartitionedCall/functional_1/flatten_5/Const"],"attr":{"T":{"type":"DT_FLOAT"},"Tshape":{"type":"DT_INT32"}}},
          {"name":"StatefulPartitionedCall/functional_1/conv2d_11/Relu","op":"_FusedConv2D","input":["StatefulPartitionedCall/functional_1/average_pooling2d_1/AvgPool","unknown_51","unknown_52"],"device":"/device:CPU:0","attr":{"fused_ops":{"list":{"s":["Qmlhc0FkZA==","UmVsdQ=="]}},"padding":{"s":"VkFMSUQ="},"T":{"type":"DT_FLOAT"},"epsilon":{"f":0},"num_args":{"i":"1"},"use_cudnn_on_gpu":{"b":true},"strides":{"list":{"i":["1","1","1","1"]}},"explicit_paddings":{"list":{}},"dilations":{"list":{"i":["1","1","1","1"]}},"data_format":{"s":"TkhXQw=="}}},
          {"name":"StatefulPartitionedCall/functional_1/activation_2/Relu","op":"_FusedConv2D","input":["StatefulPartitionedCall/functional_1/average_pooling2d_1/AvgPool","StatefulPartitionedCall/functional_1/conv2d_2/Conv2D_weights","StatefulPartitionedCall/functional_1/conv2d_2/Conv2D_bn_offset"],"device":"/device:CPU:0","attr":{"fused_ops":{"list":{"s":["Qmlhc0FkZA==","UmVsdQ=="]}},"epsilon":{"f":0},"T":{"type":"DT_FLOAT"},"data_format":{"s":"TkhXQw=="},"num_args":{"i":"1"},"dilations":{"list":{"i":["1","1","1","1"]}},"use_cudnn_on_gpu":{"b":true},"padding":{"s":"VkFMSUQ="},"explicit_paddings":{"list":{}},"strides":{"list":{"i":["1","1","1","1"]}}}},
          {"name":"StatefulPartitionedCall/functional_1/flatten_4/Reshape","op":"Reshape","input":["StatefulPartitionedCall/functional_1/max_pooling2d_4/MaxPool","StatefulPartitionedCall/functional_1/flatten_4/Const"],"attr":{"Tshape":{"type":"DT_INT32"},"T":{"type":"DT_FLOAT"}}},
          {"name":"StatefulPartitionedCall/functional_1/activation_5/Tanh","op":"Tanh","input":["StatefulPartitionedCall/functional_1/max_pooling2d_1/MaxPool"],"attr":{"T":{"type":"DT_FLOAT"}}},
          {"name":"StatefulPartitionedCall/functional_1/dense_7/Relu","op":"_FusedMatMul","input":["StatefulPartitionedCall/functional_1/flatten_5/Reshape","unknown_61","unknown_62"],"device":"/device:CPU:0","attr":{"T":{"type":"DT_FLOAT"},"transpose_a":{"b":false},"epsilon":{"f":0},"transpose_b":{"b":false},"fused_ops":{"list":{"s":["Qmlhc0FkZA==","UmVsdQ=="]}},"num_args":{"i":"1"}}},
          {"name":"StatefulPartitionedCall/functional_1/average_pooling2d_3/AvgPool","op":"AvgPool","input":["StatefulPartitionedCall/functional_1/conv2d_11/Relu"],"attr":{"ksize":{"list":{"i":["1","4","4","1"]}},"T":{"type":"DT_FLOAT"},"padding":{"s":"VkFMSUQ="},"strides":{"list":{"i":["1","4","4","1"]}},"data_format":{"s":"TkhXQw=="}}},
          {"name":"StatefulPartitionedCall/functional_1/average_pooling2d_2/AvgPool","op":"AvgPool","input":["StatefulPartitionedCall/functional_1/activation_2/Relu"],"attr":{"padding":{"s":"VkFMSUQ="},"T":{"type":"DT_FLOAT"},"strides":{"list":{"i":["1","2","2","1"]}},"ksize":{"list":{"i":["1","2","2","1"]}},"data_format":{"s":"TkhXQw=="}}},
          {"name":"StatefulPartitionedCall/functional_1/dense_6/Relu","op":"_FusedMatMul","input":["StatefulPartitionedCall/functional_1/flatten_4/Reshape","unknown_59","unknown_60"],"device":"/device:CPU:0","attr":{"transpose_b":{"b":false},"transpose_a":{"b":false},"fused_ops":{"list":{"s":["Qmlhc0FkZA==","UmVsdQ=="]}},"T":{"type":"DT_FLOAT"},"num_args":{"i":"1"},"epsilon":{"f":0}}},
          {"name":"StatefulPartitionedCall/functional_1/multiply_4/mul","op":"Mul","input":["StatefulPartitionedCall/functional_1/flatten_4/Reshape","StatefulPartitionedCall/functional_1/flatten_5/Reshape"],"attr":{"T":{"type":"DT_FLOAT"}}},
          {"name":"StatefulPartitionedCall/functional_1/conv2d_10/Relu","op":"_FusedConv2D","input":["StatefulPartitionedCall/functional_1/activation_5/Tanh","unknown_53","unknown_54"],"device":"/device:CPU:0","attr":{"explicit_paddings":{"list":{}},"epsilon":{"f":0},"use_cudnn_on_gpu":{"b":true},"num_args":{"i":"1"},"strides":{"list":{"i":["1","1","1","1"]}},"fused_ops":{"list":{"s":["Qmlhc0FkZA==","UmVsdQ=="]}},"T":{"type":"DT_FLOAT"},"data_format":{"s":"TkhXQw=="},"dilations":{"list":{"i":["1","1","1","1"]}},"padding":{"s":"VkFMSUQ="}}},
          {"name":"StatefulPartitionedCall/functional_1/batch_normalization_6/FusedBatchNormV3","op":"_FusedConv2D","input":["StatefulPartitionedCall/functional_1/activation_5/Tanh","StatefulPartitionedCall/functional_1/conv2d_6/Conv2D_weights","StatefulPartitionedCall/functional_1/conv2d_6/Conv2D_bn_offset"],"device":"/device:CPU:0","attr":{"strides":{"list":{"i":["1","1","1","1"]}},"fused_ops":{"list":{"s":["Qmlhc0FkZA=="]}},"data_format":{"s":"TkhXQw=="},"T":{"type":"DT_FLOAT"},"dilations":{"list":{"i":["1","1","1","1"]}},"explicit_paddings":{"list":{}},"epsilon":{"f":0},"num_args":{"i":"1"},"padding":{"s":"VkFMSUQ="},"use_cudnn_on_gpu":{"b":true}}},
          {"name":"StatefulPartitionedCall/functional_1/flatten_3/Reshape","op":"Reshape","input":["StatefulPartitionedCall/functional_1/average_pooling2d_3/AvgPool","StatefulPartitionedCall/functional_1/flatten_3/Const"],"attr":{"T":{"type":"DT_FLOAT"},"Tshape":{"type":"DT_INT32"}}},
          {"name":"StatefulPartitionedCall/functional_1/activation_3/Relu","op":"_FusedConv2D","input":["StatefulPartitionedCall/functional_1/average_pooling2d_2/AvgPool","StatefulPartitionedCall/functional_1/conv2d_3/Conv2D_weights","StatefulPartitionedCall/functional_1/conv2d_3/Conv2D_bn_offset"],"device":"/device:CPU:0","attr":{"padding":{"s":"VkFMSUQ="},"use_cudnn_on_gpu":{"b":true},"data_format":{"s":"TkhXQw=="},"T":{"type":"DT_FLOAT"},"num_args":{"i":"1"},"strides":{"list":{"i":["1","1","1","1"]}},"epsilon":{"f":0},"explicit_paddings":{"list":{}},"fused_ops":{"list":{"s":["Qmlhc0FkZA==","UmVsdQ=="]}},"dilations":{"list":{"i":["1","1","1","1"]}}}},
          {"name":"StatefulPartitionedCall/functional_1/multiply_5/mul","op":"Mul","input":["StatefulPartitionedCall/functional_1/dense_6/Relu","StatefulPartitionedCall/functional_1/dense_7/Relu"],"attr":{"T":{"type":"DT_FLOAT"}}},
          {"name":"StatefulPartitionedCall/functional_1/delta_s3/BiasAdd","op":"_FusedMatMul","input":["StatefulPartitionedCall/functional_1/multiply_4/mul","unknown_87","unknown_88"],"device":"/device:CPU:0","attr":{"fused_ops":{"list":{"s":["Qmlhc0FkZA=="]}},"epsilon":{"f":0},"transpose_a":{"b":false},"transpose_b":{"b":false},"T":{"type":"DT_FLOAT"},"num_args":{"i":"1"}}},
          {"name":"StatefulPartitionedCall/functional_1/max_pooling2d_3/MaxPool","op":"MaxPool","input":["StatefulPartitionedCall/functional_1/conv2d_10/Relu"],"attr":{"ksize":{"list":{"i":["1","4","4","1"]}},"T":{"type":"DT_FLOAT"},"padding":{"s":"VkFMSUQ="},"data_format":{"s":"TkhXQw=="},"strides":{"list":{"i":["1","4","4","1"]}}}},
          {"name":"StatefulPartitionedCall/functional_1/max_pooling2d_2/MaxPool","op":"MaxPool","input":["StatefulPartitionedCall/functional_1/batch_normalization_6/FusedBatchNormV3"],"attr":{"strides":{"list":{"i":["1","2","2","1"]}},"T":{"type":"DT_FLOAT"},"ksize":{"list":{"i":["1","2","2","1"]}},"padding":{"s":"VkFMSUQ="},"data_format":{"s":"TkhXQw=="}}},
          {"name":"StatefulPartitionedCall/functional_1/dense_4/Relu","op":"_FusedMatMul","input":["StatefulPartitionedCall/functional_1/flatten_3/Reshape","unknown_65","unknown_66"],"device":"/device:CPU:0","attr":{"T":{"type":"DT_FLOAT"},"num_args":{"i":"1"},"transpose_a":{"b":false},"fused_ops":{"list":{"s":["Qmlhc0FkZA==","UmVsdQ=="]}},"transpose_b":{"b":false},"epsilon":{"f":0}}},
          {"name":"StatefulPartitionedCall/functional_1/conv2d_9/Relu","op":"_FusedConv2D","input":["StatefulPartitionedCall/functional_1/activation_3/Relu","unknown_55","unknown_56"],"device":"/device:CPU:0","attr":{"padding":{"s":"VkFMSUQ="},"dilations":{"list":{"i":["1","1","1","1"]}},"explicit_paddings":{"list":{}},"data_format":{"s":"TkhXQw=="},"num_args":{"i":"1"},"strides":{"list":{"i":["1","1","1","1"]}},"T":{"type":"DT_FLOAT"},"epsilon":{"f":0},"fused_ops":{"list":{"s":["Qmlhc0FkZA==","UmVsdQ=="]}},"use_cudnn_on_gpu":{"b":true}}},
          {"name":"StatefulPartitionedCall/functional_1/dense_8/Relu","op":"_FusedMatMul","input":["StatefulPartitionedCall/functional_1/multiply_5/mul","unknown_71","unknown_72"],"device":"/device:CPU:0","attr":{"num_args":{"i":"1"},"T":{"type":"DT_FLOAT"},"transpose_b":{"b":false},"epsilon":{"f":0},"fused_ops":{"list":{"s":["Qmlhc0FkZA==","UmVsdQ=="]}},"transpose_a":{"b":false}}},
          {"name":"StatefulPartitionedCall/functional_1/delta_s3/Tanh","op":"Tanh","input":["StatefulPartitionedCall/functional_1/delta_s3/BiasAdd"],"attr":{"T":{"type":"DT_FLOAT"}}},
          {"name":"StatefulPartitionedCall/functional_1/flatten_2/Reshape","op":"Reshape","input":["StatefulPartitionedCall/functional_1/max_pooling2d_3/MaxPool","StatefulPartitionedCall/functional_1/flatten_2/Const"],"attr":{"T":{"type":"DT_FLOAT"},"Tshape":{"type":"DT_INT32"}}},
          {"name":"StatefulPartitionedCall/functional_1/activation_6/Tanh","op":"Tanh","input":["StatefulPartitionedCall/functional_1/max_pooling2d_2/MaxPool"],"attr":{"T":{"type":"DT_FLOAT"}}},
          {"name":"StatefulPartitionedCall/functional_1/flatten_1/Reshape","op":"Reshape","input":["StatefulPartitionedCall/functional_1/conv2d_9/Relu","StatefulPartitionedCall/functional_1/flatten_1/Const"],"attr":{"Tshape":{"type":"DT_INT32"},"T":{"type":"DT_FLOAT"}}},
          {"name":"StatefulPartitionedCall/functional_1/local_delta_stage3/BiasAdd","op":"_FusedMatMul","input":["StatefulPartitionedCall/functional_1/dense_8/Relu","unknown_93","unknown_94"],"device":"/device:CPU:0","attr":{"num_args":{"i":"1"},"T":{"type":"DT_FLOAT"},"epsilon":{"f":0},"transpose_a":{"b":false},"fused_ops":{"list":{"s":["Qmlhc0FkZA=="]}},"transpose_b":{"b":false}}},
          {"name":"StatefulPartitionedCall/functional_1/pred_age_stage3/Relu","op":"_FusedMatMul","input":["StatefulPartitionedCall/functional_1/dense_8/Relu","unknown_81","unknown_82"],"device":"/device:CPU:0","attr":{"transpose_b":{"b":false},"T":{"type":"DT_FLOAT"},"fused_ops":{"list":{"s":["Qmlhc0FkZA==","UmVsdQ=="]}},"transpose_a":{"b":false},"epsilon":{"f":0},"num_args":{"i":"1"}}},
          {"name":"StatefulPartitionedCall/functional_1/pred_a/add_23","op":"AddV2","input":["StatefulPartitionedCall/functional_1/pred_a/add_23/x","StatefulPartitionedCall/functional_1/delta_s3/Tanh"],"attr":{"T":{"type":"DT_FLOAT"}}},
          {"name":"StatefulPartitionedCall/functional_1/dense_3/Relu","op":"_FusedMatMul","input":["StatefulPartitionedCall/functional_1/flatten_2/Reshape","unknown_63","unknown_64"],"device":"/device:CPU:0","attr":{"T":{"type":"DT_FLOAT"},"epsilon":{"f":0},"num_args":{"i":"1"},"transpose_a":{"b":false},"transpose_b":{"b":false},"fused_ops":{"list":{"s":["Qmlhc0FkZA==","UmVsdQ=="]}}}},
          {"name":"StatefulPartitionedCall/functional_1/multiply_2/mul","op":"Mul","input":["StatefulPartitionedCall/functional_1/flatten_2/Reshape","StatefulPartitionedCall/functional_1/flatten_3/Reshape"],"attr":{"T":{"type":"DT_FLOAT"}}},
          {"name":"StatefulPartitionedCall/functional_1/batch_normalization_7/FusedBatchNormV3","op":"_FusedConv2D","input":["StatefulPartitionedCall/functional_1/activation_6/Tanh","StatefulPartitionedCall/functional_1/conv2d_7/Conv2D_weights","StatefulPartitionedCall/functional_1/conv2d_7/Conv2D_bn_offset"],"device":"/device:CPU:0","attr":{"explicit_paddings":{"list":{}},"use_cudnn_on_gpu":{"b":true},"fused_ops":{"list":{"s":["Qmlhc0FkZA=="]}},"padding":{"s":"VkFMSUQ="},"data_format":{"s":"TkhXQw=="},"strides":{"list":{"i":["1","1","1","1"]}},"dilations":{"list":{"i":["1","1","1","1"]}},"num_args":{"i":"1"},"epsilon":{"f":0},"T":{"type":"DT_FLOAT"}}},
          {"name":"StatefulPartitionedCall/functional_1/dense_1/Relu","op":"_FusedMatMul","input":["StatefulPartitionedCall/functional_1/flatten_1/Reshape","unknown_69","unknown_70"],"device":"/device:CPU:0","attr":{"epsilon":{"f":0},"transpose_b":{"b":false},"T":{"type":"DT_FLOAT"},"transpose_a":{"b":false},"fused_ops":{"list":{"s":["Qmlhc0FkZA==","UmVsdQ=="]}},"num_args":{"i":"1"}}},
          {"name":"StatefulPartitionedCall/functional_1/local_delta_stage3/Tanh","op":"Tanh","input":["StatefulPartitionedCall/functional_1/local_delta_stage3/BiasAdd"],"attr":{"T":{"type":"DT_FLOAT"}}},
          {"name":"StatefulPartitionedCall/functional_1/pred_a/strided_slice_16","op":"StridedSlice","input":["StatefulPartitionedCall/functional_1/pred_age_stage3/Relu","StatefulPartitionedCall/functional_1/pred_a/strided_slice_16/stack","StatefulPartitionedCall/functional_1/pred_a/strided_slice_16/stack_1","StatefulPartitionedCall/functional_1/pred_a/strided_slice_16/stack_2"],"attr":{"Index":{"type":"DT_INT32"},"T":{"type":"DT_FLOAT"},"shrink_axis_mask":{"i":"2"},"begin_mask":{"i":"1"},"new_axis_mask":{"i":"0"},"ellipsis_mask":{"i":"0"},"end_mask":{"i":"1"}}},
          {"name":"StatefulPartitionedCall/functional_1/pred_a/strided_slice_18","op":"StridedSlice","input":["StatefulPartitionedCall/functional_1/pred_age_stage3/Relu","StatefulPartitionedCall/functional_1/pred_a/strided_slice_18/stack","StatefulPartitionedCall/functional_1/pred_a/strided_slice_18/stack_1","StatefulPartitionedCall/functional_1/pred_a/strided_slice_18/stack_2"],"attr":{"begin_mask":{"i":"1"},"end_mask":{"i":"1"},"Index":{"type":"DT_INT32"},"new_axis_mask":{"i":"0"},"shrink_axis_mask":{"i":"2"},"T":{"type":"DT_FLOAT"},"ellipsis_mask":{"i":"0"}}},
          {"name":"StatefulPartitionedCall/functional_1/pred_a/strided_slice_20","op":"StridedSlice","input":["StatefulPartitionedCall/functional_1/pred_age_stage3/Relu","StatefulPartitionedCall/functional_1/pred_a/strided_slice_20/stack","StatefulPartitionedCall/functional_1/pred_a/strided_slice_20/stack_1","StatefulPartitionedCall/functional_1/pred_a/strided_slice_20/stack_2"],"attr":{"T":{"type":"DT_FLOAT"},"Index":{"type":"DT_INT32"},"end_mask":{"i":"1"},"new_axis_mask":{"i":"0"},"shrink_axis_mask":{"i":"2"},"ellipsis_mask":{"i":"0"},"begin_mask":{"i":"1"}}},
          {"name":"StatefulPartitionedCall/functional_1/pred_a/mul_32","op":"Mul","input":["StatefulPartitionedCall/functional_1/pred_a/mul_32/x","StatefulPartitionedCall/functional_1/pred_a/add_23"],"attr":{"T":{"type":"DT_FLOAT"}}},
          {"name":"StatefulPartitionedCall/functional_1/multiply_3/mul","op":"Mul","input":["StatefulPartitionedCall/functional_1/dense_3/Relu","StatefulPartitionedCall/functional_1/dense_4/Relu"],"attr":{"T":{"type":"DT_FLOAT"}}},
          {"name":"StatefulPartitionedCall/functional_1/delta_s2/BiasAdd","op":"_FusedMatMul","input":["StatefulPartitionedCall/functional_1/multiply_2/mul","unknown_85","unknown_86"],"device":"/device:CPU:0","attr":{"fused_ops":{"list":{"s":["Qmlhc0FkZA=="]}},"transpose_b":{"b":false},"T":{"type":"DT_FLOAT"},"epsilon":{"f":0},"num_args":{"i":"1"},"transpose_a":{"b":false}}},
          {"name":"StatefulPartitionedCall/functional_1/activation_7/Tanh","op":"Tanh","input":["StatefulPartitionedCall/functional_1/batch_normalization_7/FusedBatchNormV3"],"attr":{"T":{"type":"DT_FLOAT"}}},
          {"name":"StatefulPartitionedCall/functional_1/pred_a/strided_slice_15","op":"StridedSlice","input":["StatefulPartitionedCall/functional_1/local_delta_stage3/Tanh","StatefulPartitionedCall/functional_1/pred_a/strided_slice_15/stack","StatefulPartitionedCall/functional_1/pred_a/strided_slice_15/stack_1","StatefulPartitionedCall/functional_1/pred_a/strided_slice_15/stack_2"],"attr":{"shrink_axis_mask":{"i":"2"},"Index":{"type":"DT_INT32"},"new_axis_mask":{"i":"0"},"end_mask":{"i":"1"},"begin_mask":{"i":"1"},"T":{"type":"DT_FLOAT"},"ellipsis_mask":{"i":"0"}}},
          {"name":"StatefulPartitionedCall/functional_1/pred_a/strided_slice_17","op":"StridedSlice","input":["StatefulPartitionedCall/functional_1/local_delta_stage3/Tanh","StatefulPartitionedCall/functional_1/pred_a/strided_slice_17/stack","StatefulPartitionedCall/functional_1/pred_a/strided_slice_17/stack_1","StatefulPartitionedCall/functional_1/pred_a/strided_slice_17/stack_2"],"attr":{"ellipsis_mask":{"i":"0"},"end_mask":{"i":"1"},"Index":{"type":"DT_INT32"},"new_axis_mask":{"i":"0"},"begin_mask":{"i":"1"},"T":{"type":"DT_FLOAT"},"shrink_axis_mask":{"i":"2"}}},
          {"name":"StatefulPartitionedCall/functional_1/pred_a/strided_slice_19","op":"StridedSlice","input":["StatefulPartitionedCall/functional_1/local_delta_stage3/Tanh","StatefulPartitionedCall/functional_1/pred_a/strided_slice_19/stack","StatefulPartitionedCall/functional_1/pred_a/strided_slice_19/stack_1","StatefulPartitionedCall/functional_1/pred_a/strided_slice_19/stack_2"],"attr":{"Index":{"type":"DT_INT32"},"end_mask":{"i":"1"},"new_axis_mask":{"i":"0"},"T":{"type":"DT_FLOAT"},"ellipsis_mask":{"i":"0"},"shrink_axis_mask":{"i":"2"},"begin_mask":{"i":"1"}}},
          {"name":"StatefulPartitionedCall/functional_1/dense_5/Relu","op":"_FusedMatMul","input":["StatefulPartitionedCall/functional_1/multiply_3/mul","unknown_73","unknown_74"],"device":"/device:CPU:0","attr":{"fused_ops":{"list":{"s":["Qmlhc0FkZA==","UmVsdQ=="]}},"T":{"type":"DT_FLOAT"},"transpose_b":{"b":false},"num_args":{"i":"1"},"epsilon":{"f":0},"transpose_a":{"b":false}}},
          {"name":"StatefulPartitionedCall/functional_1/delta_s2/Tanh","op":"Tanh","input":["StatefulPartitionedCall/functional_1/delta_s2/BiasAdd"],"attr":{"T":{"type":"DT_FLOAT"}}},
          {"name":"StatefulPartitionedCall/functional_1/conv2d_8/Relu","op":"_FusedConv2D","input":["StatefulPartitionedCall/functional_1/activation_7/Tanh","unknown_57","unknown_58"],"device":"/device:CPU:0","attr":{"fused_ops":{"list":{"s":["Qmlhc0FkZA==","UmVsdQ=="]}},"explicit_paddings":{"list":{}},"padding":{"s":"VkFMSUQ="},"num_args":{"i":"1"},"dilations":{"list":{"i":["1","1","1","1"]}},"data_format":{"s":"TkhXQw=="},"epsilon":{"f":0},"T":{"type":"DT_FLOAT"},"strides":{"list":{"i":["1","1","1","1"]}},"use_cudnn_on_gpu":{"b":true}}},
          {"name":"StatefulPartitionedCall/functional_1/pred_a/mul_22","op":"Mul","input":["StatefulPartitionedCall/functional_1/pred_a/strided_slice_15","StatefulPartitionedCall/functional_1/pred_a/strided_slice_16"],"attr":{"T":{"type":"DT_FLOAT"}}},
          {"name":"StatefulPartitionedCall/functional_1/pred_a/add_17","op":"AddV2","input":["StatefulPartitionedCall/functional_1/pred_a/add_17/x","StatefulPartitionedCall/functional_1/pred_a/strided_slice_17"],"attr":{"T":{"type":"DT_FLOAT"}}},
          {"name":"StatefulPartitionedCall/functional_1/pred_a/add_19","op":"AddV2","input":["StatefulPartitionedCall/functional_1/pred_a/add_19/x","StatefulPartitionedCall/functional_1/pred_a/strided_slice_19"],"attr":{"T":{"type":"DT_FLOAT"}}},
          {"name":"StatefulPartitionedCall/functional_1/local_delta_stage2/BiasAdd","op":"_FusedMatMul","input":["StatefulPartitionedCall/functional_1/dense_5/Relu","unknown_91","unknown_92"],"device":"/device:CPU:0","attr":{"T":{"type":"DT_FLOAT"},"epsilon":{"f":0},"transpose_a":{"b":false},"num_args":{"i":"1"},"transpose_b":{"b":false},"fused_ops":{"list":{"s":["Qmlhc0FkZA=="]}}}},
          {"name":"StatefulPartitionedCall/functional_1/pred_age_stage2/Relu","op":"_FusedMatMul","input":["StatefulPartitionedCall/functional_1/dense_5/Relu","unknown_79","unknown_80"],"device":"/device:CPU:0","attr":{"num_args":{"i":"1"},"fused_ops":{"list":{"s":["Qmlhc0FkZA==","UmVsdQ=="]}},"transpose_b":{"b":false},"T":{"type":"DT_FLOAT"},"epsilon":{"f":0},"transpose_a":{"b":false}}},
          {"name":"StatefulPartitionedCall/functional_1/pred_a/add_14","op":"AddV2","input":["StatefulPartitionedCall/functional_1/pred_a/add_14/x","StatefulPartitionedCall/functional_1/delta_s2/Tanh"],"attr":{"T":{"type":"DT_FLOAT"}}},
          {"name":"StatefulPartitionedCall/functional_1/pred_a/add_22","op":"AddV2","input":["StatefulPartitionedCall/functional_1/pred_a/add_22/x","StatefulPartitionedCall/functional_1/delta_s2/Tanh"],"attr":{"T":{"type":"DT_FLOAT"}}},
          {"name":"StatefulPartitionedCall/functional_1/flatten/Reshape","op":"Reshape","input":["StatefulPartitionedCall/functional_1/conv2d_8/Relu","StatefulPartitionedCall/functional_1/flatten/Const"],"attr":{"Tshape":{"type":"DT_INT32"},"T":{"type":"DT_FLOAT"}}},
          {"name":"StatefulPartitionedCall/functional_1/pred_a/mul_24","op":"Mul","input":["StatefulPartitionedCall/functional_1/pred_a/add_17","StatefulPartitionedCall/functional_1/pred_a/strided_slice_18"],"attr":{"T":{"type":"DT_FLOAT"}}},
          {"name":"StatefulPartitionedCall/functional_1/pred_a/mul_26","op":"Mul","input":["StatefulPartitionedCall/functional_1/pred_a/add_19","StatefulPartitionedCall/functional_1/pred_a/strided_slice_20"],"attr":{"T":{"type":"DT_FLOAT"}}},
          {"name":"StatefulPartitionedCall/functional_1/local_delta_stage2/Tanh","op":"Tanh","input":["StatefulPartitionedCall/functional_1/local_delta_stage2/BiasAdd"],"attr":{"T":{"type":"DT_FLOAT"}}},
          {"name":"StatefulPartitionedCall/functional_1/pred_a/strided_slice_10","op":"StridedSlice","input":["StatefulPartitionedCall/functional_1/pred_age_stage2/Relu","StatefulPartitionedCall/functional_1/pred_a/strided_slice_10/stack","StatefulPartitionedCall/functional_1/pred_a/strided_slice_10/stack_1","StatefulPartitionedCall/functional_1/pred_a/strided_slice_10/stack_2"],"attr":{"Index":{"type":"DT_INT32"},"T":{"type":"DT_FLOAT"},"ellipsis_mask":{"i":"0"},"shrink_axis_mask":{"i":"2"},"begin_mask":{"i":"1"},"end_mask":{"i":"1"},"new_axis_mask":{"i":"0"}}},
          {"name":"StatefulPartitionedCall/functional_1/pred_a/strided_slice_12","op":"StridedSlice","input":["StatefulPartitionedCall/functional_1/pred_age_stage2/Relu","StatefulPartitionedCall/functional_1/pred_a/strided_slice_12/stack","StatefulPartitionedCall/functional_1/pred_a/strided_slice_12/stack_1","StatefulPartitionedCall/functional_1/pred_a/strided_slice_12/stack_2"],"attr":{"T":{"type":"DT_FLOAT"},"end_mask":{"i":"1"},"begin_mask":{"i":"1"},"shrink_axis_mask":{"i":"2"},"new_axis_mask":{"i":"0"},"ellipsis_mask":{"i":"0"},"Index":{"type":"DT_INT32"}}},
          {"name":"StatefulPartitionedCall/functional_1/pred_a/strided_slice_14","op":"StridedSlice","input":["StatefulPartitionedCall/functional_1/pred_age_stage2/Relu","StatefulPartitionedCall/functional_1/pred_a/strided_slice_14/stack","StatefulPartitionedCall/functional_1/pred_a/strided_slice_14/stack_1","StatefulPartitionedCall/functional_1/pred_a/strided_slice_14/stack_2"],"attr":{"begin_mask":{"i":"1"},"shrink_axis_mask":{"i":"2"},"new_axis_mask":{"i":"0"},"ellipsis_mask":{"i":"0"},"Index":{"type":"DT_INT32"},"T":{"type":"DT_FLOAT"},"end_mask":{"i":"1"}}},
          {"name":"StatefulPartitionedCall/functional_1/pred_a/mul_20","op":"Mul","input":["StatefulPartitionedCall/functional_1/pred_a/mul_20/x","StatefulPartitionedCall/functional_1/pred_a/add_14"],"attr":{"T":{"type":"DT_FLOAT"}}},
          {"name":"StatefulPartitionedCall/functional_1/pred_a/mul_30","op":"Mul","input":["StatefulPartitionedCall/functional_1/pred_a/mul_30/x","StatefulPartitionedCall/functional_1/pred_a/add_22"],"attr":{"T":{"type":"DT_FLOAT"}}},
          {"name":"StatefulPartitionedCall/functional_1/dense/Relu","op":"_FusedMatMul","input":["StatefulPartitionedCall/functional_1/flatten/Reshape","unknown_67","unknown_68"],"device":"/device:CPU:0","attr":{"num_args":{"i":"1"},"epsilon":{"f":0},"transpose_a":{"b":false},"transpose_b":{"b":false},"T":{"type":"DT_FLOAT"},"fused_ops":{"list":{"s":["Qmlhc0FkZA==","UmVsdQ=="]}}}},
          {"name":"StatefulPartitionedCall/functional_1/multiply/mul","op":"Mul","input":["StatefulPartitionedCall/functional_1/flatten/Reshape","StatefulPartitionedCall/functional_1/flatten_1/Reshape"],"attr":{"T":{"type":"DT_FLOAT"}}},
          {"name":"StatefulPartitionedCall/functional_1/pred_a/strided_slice_9","op":"StridedSlice","input":["StatefulPartitionedCall/functional_1/local_delta_stage2/Tanh","StatefulPartitionedCall/functional_1/pred_a/strided_slice_9/stack","StatefulPartitionedCall/functional_1/pred_a/strided_slice_9/stack_1","StatefulPartitionedCall/functional_1/pred_a/strided_slice_9/stack_2"],"attr":{"ellipsis_mask":{"i":"0"},"end_mask":{"i":"1"},"Index":{"type":"DT_INT32"},"new_axis_mask":{"i":"0"},"T":{"type":"DT_FLOAT"},"shrink_axis_mask":{"i":"2"},"begin_mask":{"i":"1"}}},
          {"name":"StatefulPartitionedCall/functional_1/pred_a/strided_slice_11","op":"StridedSlice","input":["StatefulPartitionedCall/functional_1/local_delta_stage2/Tanh","StatefulPartitionedCall/functional_1/pred_a/strided_slice_11/stack","StatefulPartitionedCall/functional_1/pred_a/strided_slice_11/stack_1","StatefulPartitionedCall/functional_1/pred_a/strided_slice_11/stack_2"],"attr":{"begin_mask":{"i":"1"},"new_axis_mask":{"i":"0"},"ellipsis_mask":{"i":"0"},"shrink_axis_mask":{"i":"2"},"end_mask":{"i":"1"},"Index":{"type":"DT_INT32"},"T":{"type":"DT_FLOAT"}}},
          {"name":"StatefulPartitionedCall/functional_1/pred_a/strided_slice_13","op":"StridedSlice","input":["StatefulPartitionedCall/functional_1/local_delta_stage2/Tanh","StatefulPartitionedCall/functional_1/pred_a/strided_slice_13/stack","StatefulPartitionedCall/functional_1/pred_a/strided_slice_13/stack_1","StatefulPartitionedCall/functional_1/pred_a/strided_slice_13/stack_2"],"attr":{"T":{"type":"DT_FLOAT"},"ellipsis_mask":{"i":"0"},"end_mask":{"i":"1"},"shrink_axis_mask":{"i":"2"},"new_axis_mask":{"i":"0"},"Index":{"type":"DT_INT32"},"begin_mask":{"i":"1"}}},
          {"name":"StatefulPartitionedCall/functional_1/multiply_1/mul","op":"Mul","input":["StatefulPartitionedCall/functional_1/dense/Relu","StatefulPartitionedCall/functional_1/dense_1/Relu"],"attr":{"T":{"type":"DT_FLOAT"}}},
          {"name":"StatefulPartitionedCall/functional_1/delta_s1/BiasAdd","op":"_FusedMatMul","input":["StatefulPartitionedCall/functional_1/multiply/mul","unknown_83","unknown_84"],"device":"/device:CPU:0","attr":{"T":{"type":"DT_FLOAT"},"transpose_a":{"b":false},"transpose_b":{"b":false},"num_args":{"i":"1"},"fused_ops":{"list":{"s":["Qmlhc0FkZA=="]}},"epsilon":{"f":0}}},
          {"name":"StatefulPartitionedCall/functional_1/pred_a/mul_12","op":"Mul","input":["StatefulPartitionedCall/functional_1/pred_a/strided_slice_9","StatefulPartitionedCall/functional_1/pred_a/strided_slice_10"],"attr":{"T":{"type":"DT_FLOAT"}}},
          {"name":"StatefulPartitionedCall/functional_1/pred_a/add_9","op":"AddV2","input":["StatefulPartitionedCall/functional_1/pred_a/add_9/x","StatefulPartitionedCall/functional_1/pred_a/strided_slice_11"],"attr":{"T":{"type":"DT_FLOAT"}}},
          {"name":"StatefulPartitionedCall/functional_1/pred_a/add_11","op":"AddV2","input":["StatefulPartitionedCall/functional_1/pred_a/add_11/x","StatefulPartitionedCall/functional_1/pred_a/strided_slice_13"],"attr":{"T":{"type":"DT_FLOAT"}}},
          {"name":"StatefulPartitionedCall/functional_1/dense_2/Relu","op":"_FusedMatMul","input":["StatefulPartitionedCall/functional_1/multiply_1/mul","unknown_75","unknown_76"],"device":"/device:CPU:0","attr":{"transpose_b":{"b":false},"T":{"type":"DT_FLOAT"},"num_args":{"i":"1"},"transpose_a":{"b":false},"epsilon":{"f":0},"fused_ops":{"list":{"s":["Qmlhc0FkZA==","UmVsdQ=="]}}}},
          {"name":"StatefulPartitionedCall/functional_1/delta_s1/Tanh","op":"Tanh","input":["StatefulPartitionedCall/functional_1/delta_s1/BiasAdd"],"attr":{"T":{"type":"DT_FLOAT"}}},
          {"name":"StatefulPartitionedCall/functional_1/pred_a/mul_14","op":"Mul","input":["StatefulPartitionedCall/functional_1/pred_a/add_9","StatefulPartitionedCall/functional_1/pred_a/strided_slice_12"],"attr":{"T":{"type":"DT_FLOAT"}}},
          {"name":"StatefulPartitionedCall/functional_1/pred_a/mul_16","op":"Mul","input":["StatefulPartitionedCall/functional_1/pred_a/add_11","StatefulPartitionedCall/functional_1/pred_a/strided_slice_14"],"attr":{"T":{"type":"DT_FLOAT"}}},
          {"name":"StatefulPartitionedCall/functional_1/local_delta_stage1/BiasAdd","op":"_FusedMatMul","input":["StatefulPartitionedCall/functional_1/dense_2/Relu","unknown_89","unknown_90"],"device":"/device:CPU:0","attr":{"transpose_a":{"b":false},"fused_ops":{"list":{"s":["Qmlhc0FkZA=="]}},"num_args":{"i":"1"},"transpose_b":{"b":false},"epsilon":{"f":0},"T":{"type":"DT_FLOAT"}}},
          {"name":"StatefulPartitionedCall/functional_1/pred_age_stage1/Relu","op":"_FusedMatMul","input":["StatefulPartitionedCall/functional_1/dense_2/Relu","unknown_77","unknown_78"],"device":"/device:CPU:0","attr":{"num_args":{"i":"1"},"T":{"type":"DT_FLOAT"},"fused_ops":{"list":{"s":["Qmlhc0FkZA==","UmVsdQ=="]}},"transpose_b":{"b":false},"transpose_a":{"b":false},"epsilon":{"f":0}}},
          {"name":"StatefulPartitionedCall/functional_1/pred_a/add_6","op":"AddV2","input":["StatefulPartitionedCall/functional_1/pred_a/add_6/x","StatefulPartitionedCall/functional_1/delta_s1/Tanh"],"attr":{"T":{"type":"DT_FLOAT"}}},
          {"name":"StatefulPartitionedCall/functional_1/pred_a/add_13","op":"AddV2","input":["StatefulPartitionedCall/functional_1/pred_a/add_13/x","StatefulPartitionedCall/functional_1/delta_s1/Tanh"],"attr":{"T":{"type":"DT_FLOAT"}}},
          {"name":"StatefulPartitionedCall/functional_1/pred_a/add_21","op":"AddV2","input":["StatefulPartitionedCall/functional_1/pred_a/add_21/x","StatefulPartitionedCall/functional_1/delta_s1/Tanh"],"attr":{"T":{"type":"DT_FLOAT"}}},
          {"name":"StatefulPartitionedCall/functional_1/local_delta_stage1/Tanh","op":"Tanh","input":["StatefulPartitionedCall/functional_1/local_delta_stage1/BiasAdd"],"attr":{"T":{"type":"DT_FLOAT"}}},
          {"name":"StatefulPartitionedCall/functional_1/pred_a/strided_slice","op":"StridedSlice","input":["StatefulPartitionedCall/functional_1/pred_age_stage1/Relu","StatefulPartitionedCall/functional_1/pred_a/strided_slice/stack","StatefulPartitionedCall/functional_1/pred_a/strided_slice/stack_1","StatefulPartitionedCall/functional_1/pred_a/strided_slice/stack_2"],"attr":{"T":{"type":"DT_FLOAT"},"end_mask":{"i":"1"},"Index":{"type":"DT_INT32"},"ellipsis_mask":{"i":"0"},"begin_mask":{"i":"1"},"new_axis_mask":{"i":"0"},"shrink_axis_mask":{"i":"2"}}},
          {"name":"StatefulPartitionedCall/functional_1/pred_a/strided_slice_4","op":"StridedSlice","input":["StatefulPartitionedCall/functional_1/pred_age_stage1/Relu","StatefulPartitionedCall/functional_1/pred_a/strided_slice_4/stack","StatefulPartitionedCall/functional_1/pred_a/strided_slice_4/stack_1","StatefulPartitionedCall/functional_1/pred_a/strided_slice_4/stack_2"],"attr":{"Index":{"type":"DT_INT32"},"ellipsis_mask":{"i":"0"},"shrink_axis_mask":{"i":"2"},"T":{"type":"DT_FLOAT"},"end_mask":{"i":"1"},"begin_mask":{"i":"1"},"new_axis_mask":{"i":"0"}}},
          {"name":"StatefulPartitionedCall/functional_1/pred_a/strided_slice_6","op":"StridedSlice","input":["StatefulPartitionedCall/functional_1/pred_age_stage1/Relu","StatefulPartitionedCall/functional_1/pred_a/strided_slice_6/stack","StatefulPartitionedCall/functional_1/pred_a/strided_slice_6/stack_1","StatefulPartitionedCall/functional_1/pred_a/strided_slice_6/stack_2"],"attr":{"end_mask":{"i":"1"},"Index":{"type":"DT_INT32"},"T":{"type":"DT_FLOAT"},"begin_mask":{"i":"1"},"new_axis_mask":{"i":"0"},"ellipsis_mask":{"i":"0"},"shrink_axis_mask":{"i":"2"}}},
          {"name":"StatefulPartitionedCall/functional_1/pred_a/strided_slice_8","op":"StridedSlice","input":["StatefulPartitionedCall/functional_1/pred_age_stage1/Relu","StatefulPartitionedCall/functional_1/pred_a/strided_slice_8/stack","StatefulPartitionedCall/functional_1/pred_a/strided_slice_8/stack_1","StatefulPartitionedCall/functional_1/pred_a/strided_slice_8/stack_2"],"attr":{"new_axis_mask":{"i":"0"},"T":{"type":"DT_FLOAT"},"ellipsis_mask":{"i":"0"},"begin_mask":{"i":"1"},"end_mask":{"i":"1"},"Index":{"type":"DT_INT32"},"shrink_axis_mask":{"i":"2"}}},
          {"name":"StatefulPartitionedCall/functional_1/pred_a/strided_slice_1","op":"StridedSlice","input":["StatefulPartitionedCall/functional_1/pred_age_stage1/Relu","StatefulPartitionedCall/functional_1/pred_a/strided_slice_1/stack","StatefulPartitionedCall/functional_1/pred_a/strided_slice_1/stack_1","StatefulPartitionedCall/functional_1/pred_a/strided_slice_1/stack_2"],"attr":{"end_mask":{"i":"1"},"Index":{"type":"DT_INT32"},"shrink_axis_mask":{"i":"2"},"begin_mask":{"i":"1"},"new_axis_mask":{"i":"0"},"T":{"type":"DT_FLOAT"},"ellipsis_mask":{"i":"0"}}},
          {"name":"StatefulPartitionedCall/functional_1/pred_a/strided_slice_2","op":"StridedSlice","input":["StatefulPartitionedCall/functional_1/pred_age_stage1/Relu","StatefulPartitionedCall/functional_1/pred_a/strided_slice_2/stack","StatefulPartitionedCall/functional_1/pred_a/strided_slice_2/stack_1","StatefulPartitionedCall/functional_1/pred_a/strided_slice_2/stack_2"],"attr":{"T":{"type":"DT_FLOAT"},"end_mask":{"i":"1"},"shrink_axis_mask":{"i":"2"},"begin_mask":{"i":"1"},"ellipsis_mask":{"i":"0"},"Index":{"type":"DT_INT32"},"new_axis_mask":{"i":"0"}}},
          {"name":"StatefulPartitionedCall/functional_1/pred_a/mul_10","op":"Mul","input":["StatefulPartitionedCall/functional_1/pred_a/mul_10/x","StatefulPartitionedCall/functional_1/pred_a/add_6"],"attr":{"T":{"type":"DT_FLOAT"}}},
          {"name":"StatefulPartitionedCall/functional_1/pred_a/mul_18","op":"Mul","input":["StatefulPartitionedCall/functional_1/pred_a/mul_18/x","StatefulPartitionedCall/functional_1/pred_a/add_13"],"attr":{"T":{"type":"DT_FLOAT"}}},
          {"name":"StatefulPartitionedCall/functional_1/pred_a/mul_28","op":"Mul","input":["StatefulPartitionedCall/functional_1/pred_a/mul_28/x","StatefulPartitionedCall/functional_1/pred_a/add_21"],"attr":{"T":{"type":"DT_FLOAT"}}},
          {"name":"StatefulPartitionedCall/functional_1/pred_a/strided_slice_3","op":"StridedSlice","input":["StatefulPartitionedCall/functional_1/local_delta_stage1/Tanh","StatefulPartitionedCall/functional_1/pred_a/strided_slice_3/stack","StatefulPartitionedCall/functional_1/pred_a/strided_slice_3/stack_1","StatefulPartitionedCall/functional_1/pred_a/strided_slice_3/stack_2"],"attr":{"Index":{"type":"DT_INT32"},"T":{"type":"DT_FLOAT"},"begin_mask":{"i":"1"},"new_axis_mask":{"i":"0"},"shrink_axis_mask":{"i":"2"},"end_mask":{"i":"1"},"ellipsis_mask":{"i":"0"}}},
          {"name":"StatefulPartitionedCall/functional_1/pred_a/strided_slice_5","op":"StridedSlice","input":["StatefulPartitionedCall/functional_1/local_delta_stage1/Tanh","StatefulPartitionedCall/functional_1/pred_a/strided_slice_5/stack","StatefulPartitionedCall/functional_1/pred_a/strided_slice_5/stack_1","StatefulPartitionedCall/functional_1/pred_a/strided_slice_5/stack_2"],"attr":{"begin_mask":{"i":"1"},"ellipsis_mask":{"i":"0"},"new_axis_mask":{"i":"0"},"end_mask":{"i":"1"},"Index":{"type":"DT_INT32"},"shrink_axis_mask":{"i":"2"},"T":{"type":"DT_FLOAT"}}},
          {"name":"StatefulPartitionedCall/functional_1/pred_a/strided_slice_7","op":"StridedSlice","input":["StatefulPartitionedCall/functional_1/local_delta_stage1/Tanh","StatefulPartitionedCall/functional_1/pred_a/strided_slice_7/stack","StatefulPartitionedCall/functional_1/pred_a/strided_slice_7/stack_1","StatefulPartitionedCall/functional_1/pred_a/strided_slice_7/stack_2"],"attr":{"begin_mask":{"i":"1"},"shrink_axis_mask":{"i":"2"},"T":{"type":"DT_FLOAT"},"Index":{"type":"DT_INT32"},"end_mask":{"i":"1"},"ellipsis_mask":{"i":"0"},"new_axis_mask":{"i":"0"}}},
          {"name":"StatefulPartitionedCall/functional_1/pred_a/mul","op":"Mul","input":["StatefulPartitionedCall/functional_1/pred_a/strided_slice","StatefulPartitionedCall/functional_1/pred_a/mul/y"],"attr":{"T":{"type":"DT_FLOAT"}}},
          {"name":"StatefulPartitionedCall/functional_1/pred_a/mul_1","op":"Mul","input":["StatefulPartitionedCall/functional_1/pred_a/strided_slice_1","StatefulPartitionedCall/functional_1/pred_a/mul_1/y"],"attr":{"T":{"type":"DT_FLOAT"}}},
          {"name":"StatefulPartitionedCall/functional_1/pred_a/mul_2","op":"Mul","input":["StatefulPartitionedCall/functional_1/pred_a/strided_slice_2","StatefulPartitionedCall/functional_1/pred_a/mul_2/y"],"attr":{"T":{"type":"DT_FLOAT"}}},
          {"name":"StatefulPartitionedCall/functional_1/pred_a/mul_4","op":"Mul","input":["StatefulPartitionedCall/functional_1/pred_a/strided_slice_3","StatefulPartitionedCall/functional_1/pred_a/strided_slice_4"],"attr":{"T":{"type":"DT_FLOAT"}}},
          {"name":"StatefulPartitionedCall/functional_1/pred_a/add_2","op":"AddV2","input":["StatefulPartitionedCall/functional_1/pred_a/add_2/x","StatefulPartitionedCall/functional_1/pred_a/strided_slice_5"],"attr":{"T":{"type":"DT_FLOAT"}}},
          {"name":"StatefulPartitionedCall/functional_1/pred_a/add_4","op":"AddV2","input":["StatefulPartitionedCall/functional_1/pred_a/add_4/x","StatefulPartitionedCall/functional_1/pred_a/strided_slice_7"],"attr":{"T":{"type":"DT_FLOAT"}}},
          {"name":"StatefulPartitionedCall/functional_1/pred_a/add_8","op":"AddV2","input":["StatefulPartitionedCall/functional_1/pred_a/mul_1","StatefulPartitionedCall/functional_1/pred_a/mul_12"],"attr":{"T":{"type":"DT_FLOAT"}}},
          {"name":"StatefulPartitionedCall/functional_1/pred_a/add_16","op":"AddV2","input":["StatefulPartitionedCall/functional_1/pred_a/mul_2","StatefulPartitionedCall/functional_1/pred_a/mul_22"],"attr":{"T":{"type":"DT_FLOAT"}}},
          {"name":"StatefulPartitionedCall/functional_1/pred_a/add_1","op":"AddV2","input":["StatefulPartitionedCall/functional_1/pred_a/mul","StatefulPartitionedCall/functional_1/pred_a/mul_4"],"attr":{"T":{"type":"DT_FLOAT"}}},
          {"name":"StatefulPartitionedCall/functional_1/pred_a/mul_6","op":"Mul","input":["StatefulPartitionedCall/functional_1/pred_a/add_2","StatefulPartitionedCall/functional_1/pred_a/strided_slice_6"],"attr":{"T":{"type":"DT_FLOAT"}}},
          {"name":"StatefulPartitionedCall/functional_1/pred_a/mul_8","op":"Mul","input":["StatefulPartitionedCall/functional_1/pred_a/add_4","StatefulPartitionedCall/functional_1/pred_a/strided_slice_8"],"attr":{"T":{"type":"DT_FLOAT"}}},
          {"name":"StatefulPartitionedCall/functional_1/pred_a/add_10","op":"AddV2","input":["StatefulPartitionedCall/functional_1/pred_a/add_8","StatefulPartitionedCall/functional_1/pred_a/mul_14"],"attr":{"T":{"type":"DT_FLOAT"}}},
          {"name":"StatefulPartitionedCall/functional_1/pred_a/add_18","op":"AddV2","input":["StatefulPartitionedCall/functional_1/pred_a/add_16","StatefulPartitionedCall/functional_1/pred_a/mul_24"],"attr":{"T":{"type":"DT_FLOAT"}}},
          {"name":"StatefulPartitionedCall/functional_1/pred_a/add_3","op":"AddV2","input":["StatefulPartitionedCall/functional_1/pred_a/add_1","StatefulPartitionedCall/functional_1/pred_a/mul_6"],"attr":{"T":{"type":"DT_FLOAT"}}},
          {"name":"StatefulPartitionedCall/functional_1/pred_a/add_12","op":"AddV2","input":["StatefulPartitionedCall/functional_1/pred_a/add_10","StatefulPartitionedCall/functional_1/pred_a/mul_16"],"attr":{"T":{"type":"DT_FLOAT"}}},
          {"name":"StatefulPartitionedCall/functional_1/pred_a/add_20","op":"AddV2","input":["StatefulPartitionedCall/functional_1/pred_a/add_18","StatefulPartitionedCall/functional_1/pred_a/mul_26"],"attr":{"T":{"type":"DT_FLOAT"}}},
          {"name":"StatefulPartitionedCall/functional_1/pred_a/add_5","op":"AddV2","input":["StatefulPartitionedCall/functional_1/pred_a/add_3","StatefulPartitionedCall/functional_1/pred_a/mul_8"],"attr":{"T":{"type":"DT_FLOAT"}}},
          {"name":"StatefulPartitionedCall/functional_1/pred_a/ExpandDims_1","op":"ExpandDims","input":["StatefulPartitionedCall/functional_1/pred_a/add_12","StatefulPartitionedCall/functional_1/pred_a/ExpandDims_1/dim"],"attr":{"Tdim":{"type":"DT_INT32"},"T":{"type":"DT_FLOAT"}}},
          {"name":"StatefulPartitionedCall/functional_1/pred_a/ExpandDims_2","op":"ExpandDims","input":["StatefulPartitionedCall/functional_1/pred_a/add_20","StatefulPartitionedCall/functional_1/pred_a/ExpandDims_2/dim"],"attr":{"T":{"type":"DT_FLOAT"},"Tdim":{"type":"DT_INT32"}}},
          {"name":"StatefulPartitionedCall/functional_1/pred_a/ExpandDims","op":"ExpandDims","input":["StatefulPartitionedCall/functional_1/pred_a/add_5","StatefulPartitionedCall/functional_1/pred_a/ExpandDims/dim"],"attr":{"T":{"type":"DT_FLOAT"},"Tdim":{"type":"DT_INT32"}}},
          {"name":"StatefulPartitionedCall/functional_1/pred_a/truediv_1","op":"RealDiv","input":["StatefulPartitionedCall/functional_1/pred_a/ExpandDims_1","StatefulPartitionedCall/functional_1/pred_a/mul_18"],"attr":{"T":{"type":"DT_FLOAT"}}},
          {"name":"StatefulPartitionedCall/functional_1/pred_a/truediv_3","op":"RealDiv","input":["StatefulPartitionedCall/functional_1/pred_a/ExpandDims_2","StatefulPartitionedCall/functional_1/pred_a/mul_28"],"attr":{"T":{"type":"DT_FLOAT"}}},
          {"name":"StatefulPartitionedCall/functional_1/pred_a/truediv","op":"RealDiv","input":["StatefulPartitionedCall/functional_1/pred_a/ExpandDims","StatefulPartitionedCall/functional_1/pred_a/mul_10"],"attr":{"T":{"type":"DT_FLOAT"}}},
          {"name":"StatefulPartitionedCall/functional_1/pred_a/truediv_2","op":"RealDiv","input":["StatefulPartitionedCall/functional_1/pred_a/truediv_1","StatefulPartitionedCall/functional_1/pred_a/mul_20"],"attr":{"T":{"type":"DT_FLOAT"}}},
          {"name":"StatefulPartitionedCall/functional_1/pred_a/truediv_4","op":"RealDiv","input":["StatefulPartitionedCall/functional_1/pred_a/truediv_3","StatefulPartitionedCall/functional_1/pred_a/mul_30"],"attr":{"T":{"type":"DT_FLOAT"}}},
          {"name":"StatefulPartitionedCall/functional_1/pred_a/add_24","op":"AddV2","input":["StatefulPartitionedCall/functional_1/pred_a/truediv","StatefulPartitionedCall/functional_1/pred_a/truediv_2"],"attr":{"T":{"type":"DT_FLOAT"}}},
          {"name":"StatefulPartitionedCall/functional_1/pred_a/truediv_5","op":"RealDiv","input":["StatefulPartitionedCall/functional_1/pred_a/truediv_4","StatefulPartitionedCall/functional_1/pred_a/mul_32"],"attr":{"T":{"type":"DT_FLOAT"}}},
          {"name":"StatefulPartitionedCall/functional_1/pred_a/add_25","op":"AddV2","input":["StatefulPartitionedCall/functional_1/pred_a/add_24","StatefulPartitionedCall/functional_1/pred_a/truediv_5"],"attr":{"T":{"type":"DT_FLOAT"}}},
          {"name":"StatefulPartitionedCall/functional_1/pred_a/mul_33","op":"Mul","input":["StatefulPartitionedCall/functional_1/pred_a/add_25","StatefulPartitionedCall/functional_1/pred_a/mul_33/y"],"attr":{"T":{"type":"DT_FLOAT"}}},
          {"name":"Identity","op":"Identity","input":["StatefulPartitionedCall/functional_1/pred_a/mul_33"],"attr":{"T":{"type":"DT_FLOAT"}}}
      ],
      "library": {},
      "versions":
      {
          "producer": 440
      }
  },
  "weightsManifest":
  [
      {
          "paths": ["age.bin"],
          "weights": [{"name":"StatefulPartitionedCall/functional_1/pred_a/strided_slice/stack","shape":[2],"dtype":"int32"},{"name":"StatefulPartitionedCall/functional_1/pred_a/strided_slice/stack_1","shape":[2],"dtype":"int32"},{"name":"StatefulPartitionedCall/functional_1/pred_a/strided_slice/stack_2","shape":[2],"dtype":"int32"},{"name":"StatefulPartitionedCall/functional_1/pred_a/mul/y","shape":[],"dtype":"float32"},{"name":"StatefulPartitionedCall/functional_1/pred_a/strided_slice_3/stack","shape":[2],"dtype":"int32"},{"name":"StatefulPartitionedCall/functional_1/pred_a/strided_slice_3/stack_1","shape":[2],"dtype":"int32"},{"name":"StatefulPartitionedCall/functional_1/pred_a/strided_slice_3/stack_2","shape":[2],"dtype":"int32"},{"name":"StatefulPartitionedCall/functional_1/pred_a/strided_slice_4/stack","shape":[2],"dtype":"int32"},{"name":"StatefulPartitionedCall/functional_1/pred_a/strided_slice_4/stack_1","shape":[2],"dtype":"int32"},{"name":"StatefulPartitionedCall/functional_1/pred_a/strided_slice_4/stack_2","shape":[2],"dtype":"int32"},{"name":"StatefulPartitionedCall/functional_1/pred_a/add_2/x","shape":[],"dtype":"float32"},{"name":"StatefulPartitionedCall/functional_1/pred_a/strided_slice_5/stack","shape":[2],"dtype":"int32"},{"name":"StatefulPartitionedCall/functional_1/pred_a/strided_slice_5/stack_1","shape":[2],"dtype":"int32"},{"name":"StatefulPartitionedCall/functional_1/pred_a/strided_slice_5/stack_2","shape":[2],"dtype":"int32"},{"name":"StatefulPartitionedCall/functional_1/pred_a/strided_slice_6/stack","shape":[2],"dtype":"int32"},{"name":"StatefulPartitionedCall/functional_1/pred_a/strided_slice_6/stack_1","shape":[2],"dtype":"int32"},{"name":"StatefulPartitionedCall/functional_1/pred_a/strided_slice_6/stack_2","shape":[2],"dtype":"int32"},{"name":"StatefulPartitionedCall/functional_1/pred_a/add_4/x","shape":[],"dtype":"float32"},{"name":"unknown_89","shape":[6,3],"dtype":"float32"},{"name":"unknown_90","shape":[3],"dtype":"float32"},{"name":"StatefulPartitionedCall/functional_1/pred_a/strided_slice_7/stack","shape":[2],"dtype":"int32"},{"name":"StatefulPartitionedCall/functional_1/pred_a/strided_slice_7/stack_1","shape":[2],"dtype":"int32"},{"name":"StatefulPartitionedCall/functional_1/pred_a/strided_slice_7/stack_2","shape":[2],"dtype":"int32"},{"name":"StatefulPartitionedCall/functional_1/pred_a/strided_slice_8/stack","shape":[2],"dtype":"int32"},{"name":"StatefulPartitionedCall/functional_1/pred_a/strided_slice_8/stack_1","shape":[2],"dtype":"int32"},{"name":"StatefulPartitionedCall/functional_1/pred_a/strided_slice_8/stack_2","shape":[2],"dtype":"int32"},{"name":"StatefulPartitionedCall/functional_1/pred_a/ExpandDims/dim","shape":[],"dtype":"int32"},{"name":"StatefulPartitionedCall/functional_1/pred_a/mul_10/x","shape":[],"dtype":"float32"},{"name":"StatefulPartitionedCall/functional_1/pred_a/add_6/x","shape":[],"dtype":"float32"},{"name":"StatefulPartitionedCall/functional_1/pred_a/strided_slice_1/stack","shape":[2],"dtype":"int32"},{"name":"StatefulPartitionedCall/functional_1/pred_a/strided_slice_1/stack_1","shape":[2],"dtype":"int32"},{"name":"StatefulPartitionedCall/functional_1/pred_a/strided_slice_1/stack_2","shape":[2],"dtype":"int32"},{"name":"StatefulPartitionedCall/functional_1/pred_a/mul_1/y","shape":[],"dtype":"float32"},{"name":"StatefulPartitionedCall/functional_1/pred_a/strided_slice_9/stack","shape":[2],"dtype":"int32"},{"name":"StatefulPartitionedCall/functional_1/pred_a/strided_slice_9/stack_1","shape":[2],"dtype":"int32"},{"name":"StatefulPartitionedCall/functional_1/pred_a/strided_slice_9/stack_2","shape":[2],"dtype":"int32"},{"name":"StatefulPartitionedCall/functional_1/pred_a/strided_slice_10/stack","shape":[2],"dtype":"int32"},{"name":"StatefulPartitionedCall/functional_1/pred_a/strided_slice_10/stack_1","shape":[2],"dtype":"int32"},{"name":"StatefulPartitionedCall/functional_1/pred_a/strided_slice_10/stack_2","shape":[2],"dtype":"int32"},{"name":"StatefulPartitionedCall/functional_1/pred_a/add_9/x","shape":[],"dtype":"float32"},{"name":"StatefulPartitionedCall/functional_1/pred_a/strided_slice_11/stack","shape":[2],"dtype":"int32"},{"name":"StatefulPartitionedCall/functional_1/pred_a/strided_slice_11/stack_1","shape":[2],"dtype":"int32"},{"name":"StatefulPartitionedCall/functional_1/pred_a/strided_slice_11/stack_2","shape":[2],"dtype":"int32"},{"name":"StatefulPartitionedCall/functional_1/pred_a/strided_slice_12/stack","shape":[2],"dtype":"int32"},{"name":"StatefulPartitionedCall/functional_1/pred_a/strided_slice_12/stack_1","shape":[2],"dtype":"int32"},{"name":"StatefulPartitionedCall/functional_1/pred_a/strided_slice_12/stack_2","shape":[2],"dtype":"int32"},{"name":"StatefulPartitionedCall/functional_1/pred_a/add_11/x","shape":[],"dtype":"float32"},{"name":"unknown_91","shape":[6,3],"dtype":"float32"},{"name":"unknown_92","shape":[3],"dtype":"float32"},{"name":"StatefulPartitionedCall/functional_1/pred_a/strided_slice_13/stack","shape":[2],"dtype":"int32"},{"name":"StatefulPartitionedCall/functional_1/pred_a/strided_slice_13/stack_1","shape":[2],"dtype":"int32"},{"name":"StatefulPartitionedCall/functional_1/pred_a/strided_slice_13/stack_2","shape":[2],"dtype":"int32"},{"name":"unknown_63","shape":[90,3],"dtype":"float32"},{"name":"unknown_64","shape":[3],"dtype":"float32"},{"name":"unknown_65","shape":[90,3],"dtype":"float32"},{"name":"unknown_66","shape":[3],"dtype":"float32"},{"name":"unknown_73","shape":[3,6],"dtype":"float32"},{"name":"unknown_74","shape":[6],"dtype":"float32"},{"name":"unknown_79","shape":[6,3],"dtype":"float32"},{"name":"unknown_80","shape":[3],"dtype":"float32"},{"name":"StatefulPartitionedCall/functional_1/pred_a/strided_slice_14/stack","shape":[2],"dtype":"int32"},{"name":"StatefulPartitionedCall/functional_1/pred_a/strided_slice_14/stack_1","shape":[2],"dtype":"int32"},{"name":"StatefulPartitionedCall/functional_1/pred_a/strided_slice_14/stack_2","shape":[2],"dtype":"int32"},{"name":"StatefulPartitionedCall/functional_1/pred_a/ExpandDims_1/dim","shape":[],"dtype":"int32"},{"name":"StatefulPartitionedCall/functional_1/pred_a/mul_18/x","shape":[],"dtype":"float32"},{"name":"StatefulPartitionedCall/functional_1/pred_a/add_13/x","shape":[],"dtype":"float32"},{"name":"StatefulPartitionedCall/functional_1/pred_a/mul_20/x","shape":[],"dtype":"float32"},{"name":"StatefulPartitionedCall/functional_1/pred_a/add_14/x","shape":[],"dtype":"float32"},{"name":"unknown_67","shape":[160,3],"dtype":"float32"},{"name":"unknown_68","shape":[3],"dtype":"float32"},{"name":"unknown_69","shape":[160,3],"dtype":"float32"},{"name":"unknown_70","shape":[3],"dtype":"float32"},{"name":"unknown_75","shape":[3,6],"dtype":"float32"},{"name":"unknown_76","shape":[6],"dtype":"float32"},{"name":"unknown_77","shape":[6,3],"dtype":"float32"},{"name":"unknown_78","shape":[3],"dtype":"float32"},{"name":"StatefulPartitionedCall/functional_1/pred_a/strided_slice_2/stack","shape":[2],"dtype":"int32"},{"name":"StatefulPartitionedCall/functional_1/pred_a/strided_slice_2/stack_1","shape":[2],"dtype":"int32"},{"name":"StatefulPartitionedCall/functional_1/pred_a/strided_slice_2/stack_2","shape":[2],"dtype":"int32"},{"name":"StatefulPartitionedCall/functional_1/pred_a/mul_2/y","shape":[],"dtype":"float32"},{"name":"StatefulPartitionedCall/functional_1/pred_a/strided_slice_15/stack","shape":[2],"dtype":"int32"},{"name":"StatefulPartitionedCall/functional_1/pred_a/strided_slice_15/stack_1","shape":[2],"dtype":"int32"},{"name":"StatefulPartitionedCall/functional_1/pred_a/strided_slice_15/stack_2","shape":[2],"dtype":"int32"},{"name":"StatefulPartitionedCall/functional_1/pred_a/strided_slice_16/stack","shape":[2],"dtype":"int32"},{"name":"StatefulPartitionedCall/functional_1/pred_a/strided_slice_16/stack_1","shape":[2],"dtype":"int32"},{"name":"StatefulPartitionedCall/functional_1/pred_a/strided_slice_16/stack_2","shape":[2],"dtype":"int32"},{"name":"StatefulPartitionedCall/functional_1/pred_a/add_17/x","shape":[],"dtype":"float32"},{"name":"StatefulPartitionedCall/functional_1/pred_a/strided_slice_17/stack","shape":[2],"dtype":"int32"},{"name":"StatefulPartitionedCall/functional_1/pred_a/strided_slice_17/stack_1","shape":[2],"dtype":"int32"},{"name":"StatefulPartitionedCall/functional_1/pred_a/strided_slice_17/stack_2","shape":[2],"dtype":"int32"},{"name":"StatefulPartitionedCall/functional_1/pred_a/strided_slice_18/stack","shape":[2],"dtype":"int32"},{"name":"StatefulPartitionedCall/functional_1/pred_a/strided_slice_18/stack_1","shape":[2],"dtype":"int32"},{"name":"StatefulPartitionedCall/functional_1/pred_a/strided_slice_18/stack_2","shape":[2],"dtype":"int32"},{"name":"StatefulPartitionedCall/functional_1/pred_a/add_19/x","shape":[],"dtype":"float32"},{"name":"unknown_93","shape":[6,3],"dtype":"float32"},{"name":"unknown_94","shape":[3],"dtype":"float32"},{"name":"StatefulPartitionedCall/functional_1/pred_a/strided_slice_19/stack","shape":[2],"dtype":"int32"},{"name":"StatefulPartitionedCall/functional_1/pred_a/strided_slice_19/stack_1","shape":[2],"dtype":"int32"},{"name":"StatefulPartitionedCall/functional_1/pred_a/strided_slice_19/stack_2","shape":[2],"dtype":"int32"},{"name":"unknown_59","shape":[90,3],"dtype":"float32"},{"name":"unknown_60","shape":[3],"dtype":"float32"},{"name":"unknown_61","shape":[90,3],"dtype":"float32"},{"name":"unknown_62","shape":[3],"dtype":"float32"},{"name":"unknown_71","shape":[3,6],"dtype":"float32"},{"name":"unknown_72","shape":[6],"dtype":"float32"},{"name":"unknown_81","shape":[6,3],"dtype":"float32"},{"name":"unknown_82","shape":[3],"dtype":"float32"},{"name":"StatefulPartitionedCall/functional_1/pred_a/strided_slice_20/stack","shape":[2],"dtype":"int32"},{"name":"StatefulPartitionedCall/functional_1/pred_a/strided_slice_20/stack_1","shape":[2],"dtype":"int32"},{"name":"StatefulPartitionedCall/functional_1/pred_a/strided_slice_20/stack_2","shape":[2],"dtype":"int32"},{"name":"StatefulPartitionedCall/functional_1/pred_a/ExpandDims_2/dim","shape":[],"dtype":"int32"},{"name":"StatefulPartitionedCall/functional_1/pred_a/mul_28/x","shape":[],"dtype":"float32"},{"name":"StatefulPartitionedCall/functional_1/pred_a/add_21/x","shape":[],"dtype":"float32"},{"name":"unknown_57","shape":[1,1,16,10],"dtype":"float32"},{"name":"unknown_58","shape":[10],"dtype":"float32"},{"name":"StatefulPartitionedCall/functional_1/flatten/Const","shape":[2],"dtype":"int32"},{"name":"unknown_55","shape":[1,1,32,10],"dtype":"float32"},{"name":"unknown_56","shape":[10],"dtype":"float32"},{"name":"StatefulPartitionedCall/functional_1/flatten_1/Const","shape":[2],"dtype":"int32"},{"name":"unknown_83","shape":[160,1],"dtype":"float32"},{"name":"unknown_84","shape":[1],"dtype":"float32"},{"name":"StatefulPartitionedCall/functional_1/pred_a/mul_30/x","shape":[],"dtype":"float32"},{"name":"StatefulPartitionedCall/functional_1/pred_a/add_22/x","shape":[],"dtype":"float32"},{"name":"unknown_53","shape":[1,1,16,10],"dtype":"float32"},{"name":"unknown_54","shape":[10],"dtype":"float32"},{"name":"StatefulPartitionedCall/functional_1/flatten_2/Const","shape":[2],"dtype":"int32"},{"name":"unknown_51","shape":[1,1,32,10],"dtype":"float32"},{"name":"unknown_52","shape":[10],"dtype":"float32"},{"name":"StatefulPartitionedCall/functional_1/flatten_3/Const","shape":[2],"dtype":"int32"},{"name":"unknown_85","shape":[90,1],"dtype":"float32"},{"name":"unknown_86","shape":[1],"dtype":"float32"},{"name":"StatefulPartitionedCall/functional_1/pred_a/mul_32/x","shape":[],"dtype":"float32"},{"name":"StatefulPartitionedCall/functional_1/pred_a/add_23/x","shape":[],"dtype":"float32"},{"name":"unknown_49","shape":[1,1,16,10],"dtype":"float32"},{"name":"unknown_50","shape":[10],"dtype":"float32"},{"name":"StatefulPartitionedCall/functional_1/flatten_4/Const","shape":[2],"dtype":"int32"},{"name":"unknown_47","shape":[1,1,32,10],"dtype":"float32"},{"name":"unknown_48","shape":[10],"dtype":"float32"},{"name":"StatefulPartitionedCall/functional_1/flatten_5/Const","shape":[2],"dtype":"int32"},{"name":"unknown_87","shape":[90,1],"dtype":"float32"},{"name":"unknown_88","shape":[1],"dtype":"float32"},{"name":"StatefulPartitionedCall/functional_1/pred_a/mul_33/y","shape":[],"dtype":"float32"},{"name":"StatefulPartitionedCall/functional_1/conv2d_4/Conv2D_weights","shape":[3,3,3,16],"dtype":"float32"},{"name":"StatefulPartitionedCall/functional_1/conv2d_4/Conv2D_bn_offset","shape":[16],"dtype":"float32"},{"name":"StatefulPartitionedCall/functional_1/conv2d/Conv2D_weights","shape":[3,3,3,32],"dtype":"float32"},{"name":"StatefulPartitionedCall/functional_1/conv2d/Conv2D_bn_offset","shape":[32],"dtype":"float32"},{"name":"StatefulPartitionedCall/functional_1/conv2d_5/Conv2D_weights","shape":[3,3,16,16],"dtype":"float32"},{"name":"StatefulPartitionedCall/functional_1/conv2d_5/Conv2D_bn_offset","shape":[16],"dtype":"float32"},{"name":"StatefulPartitionedCall/functional_1/conv2d_1/Conv2D_weights","shape":[3,3,32,32],"dtype":"float32"},{"name":"StatefulPartitionedCall/functional_1/conv2d_1/Conv2D_bn_offset","shape":[32],"dtype":"float32"},{"name":"StatefulPartitionedCall/functional_1/conv2d_6/Conv2D_weights","shape":[3,3,16,16],"dtype":"float32"},{"name":"StatefulPartitionedCall/functional_1/conv2d_6/Conv2D_bn_offset","shape":[16],"dtype":"float32"},{"name":"StatefulPartitionedCall/functional_1/conv2d_2/Conv2D_weights","shape":[3,3,32,32],"dtype":"float32"},{"name":"StatefulPartitionedCall/functional_1/conv2d_2/Conv2D_bn_offset","shape":[32],"dtype":"float32"},{"name":"StatefulPartitionedCall/functional_1/conv2d_7/Conv2D_weights","shape":[3,3,16,16],"dtype":"float32"},{"name":"StatefulPartitionedCall/functional_1/conv2d_7/Conv2D_bn_offset","shape":[16],"dtype":"float32"},{"name":"StatefulPartitionedCall/functional_1/conv2d_3/Conv2D_weights","shape":[3,3,32,32],"dtype":"float32"},{"name":"StatefulPartitionedCall/functional_1/conv2d_3/Conv2D_bn_offset","shape":[32],"dtype":"float32"}]
      }
  ]
}